id	location
acca	Washington D.C.
admiraltyctsc	South Carolina
afcca	Washington D.C.
akb	Alaska
akd	Alaska
akdistct	Alaska
aksuperct	Alaska
ala	Alabama
alacirct	Alabama
alacivapp	Alabama
alacrimapp	Alabama
alactapp	Alabama
aladistct	Alabama
alajudct	Alabama
alajuvct	Alabama
alamunict	Alabama
alaproct	Alabama
alascct	Alabama
alaska	Alaska
alaskactapp	Alaska
ald	Alabama
almb	Alabama
almd	Alabama
alnb	Alabama
alnd	Alabama
alsb	Alabama
alsd	Alabama
amsamoa	American Samoa
amsamoatc	American Samoa
arb	Arizona
ard	Arkansas
areb	Arkansas
ared	Arkansas
ariz	Arizona
arizctapp	Arizona
ariztaxct	Arizona
ark	Arkansas
arkag	Arkansas
arkcirct	Arkansas
arkcityct	Arkansas
arkctapp	Arkansas
arkdistct	Arkansas
arkworkcompcom	Arkansas
armfor	Washington D.C.
arwb	Arkansas
arwd	Arkansas
atrc	Washington D.C.
azd	Arizona
azjustct	Arizona
azsuperct	Arizona
bap1	Massachusetts
bap10	Colorado
bap2	New York
bap6	Ohio
bap8	Missouri
bap9	California
bia	Washington D.C.
bpai	Washington D.C.
bta	Washington D.C.
ca1	Massachusetts
ca10	Colorado
ca11	Georgia
ca2	New York
ca3	Pennsylvania
ca4	Virginia
ca5	Louisiana
ca6	Tennessee
ca7	Illinois
ca8	Missouri
ca9	California
cacb	California
cacd	California
cadc	Washington D.C.
caeb	California
caed	California
cafc	Washington D.C.
cal	California
calag	California
calappdeptsuper	California
calctapp	California
calctapp1d	California
calctapp2d	California
calctapp3d	California
calctapp4d	California
calctapp5d	California
calctapp6d	California
caldistct	California
californiad	California
caljp	California
calsuperct	California
calsuppctla	California
calsuppctsf	California
canalzoned	Panama
canb	California
cand	California
casb	California
casd	California
cavc	Washington D.C.
cc	Washington D.C.
ccpa	Washington D.C.
cgcomilrev	Washington D.C.
chehctapp	Washington
cherokee	Oklahoma
cherokeeapp	Oklahoma
cherokeetribct	Oklahoma
cheyrsiouxctapp	South Dakota
chitctapp	Louisiana
circtcapefearnc	North Carolina
circtdal	Alabama
circtdalb	North Carolina
circtdalbanyny	New York
circtdar	Arkansas
circtdca	California
circtdco	Colorado
circtdct	Connecticut
circtddc	Washington D.C.
circtdedenton	North Carolina
circtdel	Delaware
circtdga	Georgia
circtdia	Iowa
circtdid	Idaho
circtdil	Illinois
circtdin	Indiana
circtdks	Kansas
circtdky	Kentucky
circtdla	Louisiana
circtdma	Massachusetts
circtdmd	Maryland
circtdme	Maine
circtdmi	Michigan
circtdmn	Minnesota
circtdmo	Missouri
circtdms	Mississippi
circtdmt	Montana
circtdnd	North Dakota
circtdne	Nebraska
circtdnewbern	North Carolina
circtdnh	New Hampshire
circtdnj	New Jersey
circtdnv	Nevada
circtdoh	Ohio
circtdor	Oregon
circtdpa	Pennsylvania
circtdpamptico	North Carolina
circtdri	Rhode Island
circtdsc	South Carolina
circtdsd	South Dakota
circtdterrar	Arkansas
circtdtx	Texas
circtdut	Utah
circtdva	Virginia
circtdvt	Vermont
circtdwa	Washington
circtdwi	Wisconsin
circtdwilm	North Carolina
circtdwv	West Virginia
circtdwy	Wyoming
circtedar	Arkansas
circtedil	Illinois
circtedky	Kentucky
circtedla	Louisiana
circtedmi	Michigan
circtedmo	Missouri
circtednc	North Carolina
circtedny	New York
circtedok	Oklahoma
circtedpa	Pennsylvania
circtedsc	South Carolina
circtedtn	Tennessee
circtedtx	Texas
circtedva	Virginia
circtedwa	Washington
circtedwi	Wisconsin
circtmdal	Alabama
circtmdpa	Pennsylvania
circtmdtn	Tennessee
circtmissterr	Mississippi
circtnc	North Carolina
circtndal	Alabama
circtndca	California
circtndfl	Florida
circtndga	Georgia
circtndil	Illinois
circtndms	Mississippi
circtndny	New York
circtndoh	Ohio
circtndtx	Texas
circtndwv	West Virginia
circtnia	Iowa
circtny	New York
circtsdal	Alabama
circtsdca	California
circtsdfl	Florida
circtsdga	Georgia
circtsdia	Iowa
circtsdil	Illinois
circtsdms	Mississippi
circtsdny	New York
circtsdoh	Ohio
circtsdtex	Texas
circtsdwv	West Virginia
circttenn	Tennessee
circtwdar	Arkansas
circtwdky	Kentucky
circtwdla	Louisiana
circtwdmi	Michigan
circtwdmo	Missouri
circtwdnc	North Carolina
circtwdny	New York
circtwdok	Oklahoma
circtwdpa	Pennsylvania
circtwdtex	Texas
circtwdtn	Tennessee
circtwdva	Virginia
circtwdwa	Washington
circtwdwi	Wisconsin
cit	New York
cjdpa	Pennsylvania
cma	Washington D.C.
cnmisuperct	Northern Mariana Islands
cnmitrialct	Northern Mariana Islands
cob	Colorado
cod	Colorado
colctyct	Colorado
colctyctarapaho	Colorado
colctyctbent	Colorado
colctyctboulder	Colorado
colctyctdouglas	Colorado
colctyctfremont	Colorado
colctyctgarfiel	Colorado
colctyctlarimer	Colorado
colctyctmeyer	Colorado
colctyctotero	Colorado
colctyctpitkin	Colorado
colctyctpueblo	Colorado
colctyctteller	Colorado
coldistct	Colorado
colmunict	Colorado
colo	Colorado
coloag	Colorado
coloctapp	Colorado
coloworkcompcom	Colorado
colvctapp	Washington
colwaterct	Colorado
com	Washington D.C.
conn	Connecticut
connappct	Connecticut
conncirct	Connecticut
conncpct	Connecticut
connproct	Connecticut
connsuperct	Connecticut
connworkcompcom	Connecticut
coosct	Oregon
coquct	Oregon
cosuperct	Colorado
cosuperctdenver	Colorado
coushct	Louisiana
crowctapp	Montana
ctappindterr	Oklahoma
ctb	Connecticut
ctchansc	South Carolina
ctd	Connecticut
cusc	Washington D.C.
dadectypropbd	Florida
dakotasup	Dakota Territory
dc	Washington D.C.
dcb	Washington D.C.
dccrimct	Washington D.C.
dcd	Washington D.C.
dcorphanct	Washington D.C.
deb	Delaware
ded	Delaware
del	Delaware
delaldct	Delaware
delch	Delaware
delctcompl	Delaware
delfamct	Delaware
delgensess	Delaware
deljudct	Delaware
deljustpct	Delaware
delorphct	Delaware
deloyerterm	Delaware
delsuperct	Delaware
denjuvct	Colorado
denproct	Colorado
deptinterior	United States
eca	Washington D.C.
echerkokee	North Carolina
echerokeect	North Carolina
educationoha	Washington D.C.
energyoha	Washington D.C.
fcc	Washington D.C.
fisc	Washington D.C.
fiscr	Washington D.C.
fla	Florida
flaag	Florida
flacirct	Florida
flacirct1	Florida
flacirct10	Florida
flacirct10har	Florida
flacirct10hig	Florida
flacirct10pol	Florida
flacirct11	Florida
flacirct11mia	Florida
flacirct12	Florida
flacirct12des	Florida
flacirct12man	Florida
flacirct12sar	Florida
flacirct13	Florida
flacirct13hil	Florida
flacirct14	Florida
flacirct14bay	Florida
flacirct14cal	Florida
flacirct14gul	Florida
flacirct14hol	Florida
flacirct14jac	Florida
flacirct14was	Florida
flacirct15	Florida
flacirct15pal	Florida
flacirct16	Florida
flacirct16mon	Florida
flacirct17	Florida
flacirct17bro	Florida
flacirct18	Florida
flacirct18bre	Florida
flacirct18sem	Florida
flacirct19	Florida
flacirct19ind	Florida
flacirct19mar	Florida
flacirct19oke	Florida
flacirct19stl	Florida
flacirct1esc	Florida
flacirct1oka	Florida
flacirct1san	Florida
flacirct1wal	Florida
flacirct2	Florida
flacirct20	Florida
flacirct20cha	Florida
flacirct20col	Florida
flacirct20gla	Florida
flacirct20hen	Florida
flacirct20lee	Florida
flacirct2fra	Florida
flacirct2gad	Florida
flacirct2jef	Florida
flacirct2leo	Florida
flacirct2lib	Florida
flacirct2wak	Florida
flacirct3	Florida
flacirct3col	Florida
flacirct3dix	Florida
flacirct3ham	Florida
flacirct3laf	Florida
flacirct3mad	Florida
flacirct3suw	Florida
flacirct3tay	Florida
flacirct4	Florida
flacirct4cla	Florida
flacirct4duv	Florida
flacirct4nas	Florida
flacirct5	Florida
flacirct5cit	Florida
flacirct5her	Florida
flacirct5lak	Florida
flacirct5mar	Florida
flacirct5sum	Florida
flacirct6	Florida
flacirct6pas	Florida
flacirct6pin	Florida
flacirct7	Florida
flacirct7fla	Florida
flacirct7put	Florida
flacirct7stj	Florida
flacirct7vol	Florida
flacirct8	Florida
flacirct8ala	Florida
flacirct8bak	Florida
flacirct8bra	Florida
flacirct8gil	Florida
flacirct8lev	Florida
flacirct8uni	Florida
flacirct9	Florida
flacirct9ora	Florida
flacirct9osc	Florida
flactyct	Florida
flactyct1	Florida
flactyct10	Florida
flactyct11	Florida
flactyct12	Florida
flactyct13	Florida
flactyct14	Florida
flactyct15	Florida
flactyct16	Florida
flactyct17	Florida
flactyct18	Florida
flactyct19	Florida
flactyct2	Florida
flactyct20	Florida
flactyct21	Florida
flactyct22	Florida
flactyct23	Florida
flactyct24	Florida
flactyct25	Florida
flactyct26	Florida
flactyct27	Florida
flactyct28	Florida
flactyct29	Florida
flactyct3	Florida
flactyct30	Florida
flactyct31	Florida
flactyct32	Florida
flactyct33	Florida
flactyct34	Florida
flactyct35	Florida
flactyct36	Florida
flactyct37	Florida
flactyct38	Florida
flactyct39	Florida
flactyct4	Florida
flactyct40	Florida
flactyct41	Florida
flactyct42	Florida
flactyct43	Florida
flactyct44	Florida
flactyct45	Florida
flactyct46	Florida
flactyct47	Florida
flactyct48	Florida
flactyct49	Florida
flactyct5	Florida
flactyct50	Florida
flactyct51	Florida
flactyct52	Florida
flactyct53	Florida
flactyct54	Florida
flactyct55	Florida
flactyct56	Florida
flactyct57	Florida
flactyct58	Florida
flactyct59	Florida
flactyct6	Florida
flactyct60	Florida
flactyct61	Florida
flactyct62	Florida
flactyct63	Florida
flactyct64	Florida
flactyct65	Florida
flactyct66	Florida
flactyct67	Florida
flactyct7	Florida
flactyct8	Florida
flactyct9	Florida
flactyctrec	Florida
flactyctrec1	Florida
flactyctrec2	Florida
flactyctrec3	Florida
flactyctrec4	Florida
flactyctrec5	Florida
flactyctrec6	Florida
flactyctrec7	Florida
fladeptenvreg	Florida
fladepthrehabil	Florida
fladeptrev	Florida
fladistctapp	Florida
fladistctapp1	Florida
fladistctapp2	Florida
fladistctapp3	Florida
fladistctapp4	Florida
fladistctapp5	Florida
fladistctapp6	Florida
fladivadminhrg	Florida
flaindcommn	Florida
flajudct	Florida
flajudct1	Florida
flajudct10	Florida
flajudct11	Florida
flajudct12	Florida
flajudct13	Florida
flajudct14	Florida
flajudct2	Florida
flajudct3	Florida
flajudct4	Florida
flajudct5	Florida
flajudct6	Florida
flajudct7	Florida
flajudct8	Florida
flajudct9	Florida
flajuv	Florida
flajuv1	Florida
flamunict	Florida
flamunict1	Florida
flamunict2	Florida
flamunict3	Florida
flapubserv	Florida
flarealestcommn	Florida
flasmclct	Florida
flasmclct1	Florida
flasmclct2	Florida
flasmclct3	Florida
flasmclct4	Florida
fld	Florida
flmb	Florida
flmd	Florida
flnb	Florida
flnd	Florida
flsb	Florida
flsd	Florida
ftmcdowct	Arizona
ftmcdowctapp	Arizona
ftmcdowell	Arizona
ftpeckctapp	Montana
ftpecktrialct	Montana
ga	Georgia
gabizct	Georgia
gactapp	Georgia
gad	Georgia
gajuvct	Georgia
gamagct	Georgia
gamb	Georgia
gamd	Georgia
gamunict	Georgia
ganb	Georgia
gand	Georgia
gaoyertermct	Georgia
gaproct	Georgia
gasb	Georgia
gasd	Georgia
gastct	Georgia
gasuperct	Georgia
gasuperctburke	Georgia
gasuperctcarrol	Georgia
gasuperctchatha	Georgia
gasuperctclark	Georgia
gasuperctclarke	Georgia
gasuperctcobb	Georgia
gasuperctcolumb	Georgia
gasuperctcoweta	Georgia
gasuperctdecatu	Georgia
gasuperctdekalb	Georgia
gasuperctearl	Georgia
gasuperctelbert	Georgia
gasuperctfay	Georgia
gasuperctfrankl	Georgia
gasuperctgwin	Georgia
gasupercthabers	Georgia
gasupercthall	Georgia
gasupercthancoc	Georgia
gasuperctharris	Georgia
gasuperctheard	Georgia
gasupercthous	Georgia
gasuperctlee	Georgia
gasuperctliber	Georgia
gasuperctlincol	Georgia
gasuperctmacon	Georgia
gasuperctmari	Georgia
gasuperctmeriw	Georgia
gasuperctmuscog	Georgia
gasuperctogleth	Georgia
gasuperctpike	Georgia
gasuperctrand	Georgia
gasuperctrichm	Georgia
gasuperctserive	Georgia
gasuperctsumter	Georgia
gasupercttalb	Georgia
gasupercttallia	Georgia
gasupercttroup	Georgia
gasuperctwalton	Georgia
gasuperctwashin	Georgia
gasuperctwilkes	Georgia
grrondect	Oregon
grrondectapp	Oregon
grtravbandct	Michigan
grtravbandctapp	Michigan
guam	Guam
gub	Guam
gud	Guam
haw	Hawaii
hawapp	Hawaii
hawcirct	Hawaii
hawdistct	Hawaii
hawfamct	Hawaii
hawlandct	Hawaii
hawtax	Hawaii
hib	Hawaii
hid	Hawaii
highctjchuk	England
hochunk	Wisconsin
hochunkct	Wisconsin
hopiappct	Arizona
hopitr	Arizona
houseoflordsuk	England
hualactapp	Nevada
iad	Iowa
iadistct	Iowa
ianb	Iowa
iand	Iowa
iasb	Iowa
iasd	Iowa
idaho	Idaho
idahoctapp	Idaho
idb	Idaho
idd	Idaho
iddistct	Idaho
iddrugct	Idaho
idmagdiv	Idaho
idmhct	Idaho
ilcb	Illinois
ilcd	Illinois
ilclaimsct	Illinois
ill	Illinois
illappct	Illinois
illcirct	Illinois
illinoisd	Illinois
illinoised	Illinois
ilnb	Illinois
ilnd	Illinois
ilsb	Illinois
ilsd	Illinois
ind	Indiana
indcirct	Indiana
indctapp	Indiana
indianad	Indiana
indsuperct	Indiana
indtc	Indiana
innb	Indiana
innd	Indiana
insb	Indiana
insd	Indiana
iowa	Iowa
iowactapp	Iowa
iowadistct	Iowa
jaxcivservbd	Florida
jpml	Washington D.C.
judcoun	United States
judcoun1	Massachusetts
judcoun10	Colorado
judcoun11	Georgia
judcoun2	New York
judcoun3	Pennsylvania
judcoun4	Virginia
judcoun5	Louisiana
judcoun6	Ohio
judcoun7	Illinois
judcoun8	Missouri
judcoun9	California
judcoundc	DC
kan	Kansas
kanag	Kansas
kanctapp	Kansas
kingsbench	England
ksb	Kansas
ksd	Kansas
ky	Kentucky
kycirct	Kentucky
kycirct1	Kentucky
kycirct10	Kentucky
kycirct11	Kentucky
kycirct12	Kentucky
kycirct13	Kentucky
kycirct14	Kentucky
kycirct15	Kentucky
kycirct16	Kentucky
kycirct17	Kentucky
kycirct18	Kentucky
kycirct19	Kentucky
kycirct2	Kentucky
kycirct20	Kentucky
kycirct21	Kentucky
kycirct22	Kentucky
kycirct23	Kentucky
kycirct24	Kentucky
kycirct25	Kentucky
kycirct26	Kentucky
kycirct27	Kentucky
kycirct28	Kentucky
kycirct29	Kentucky
kycirct3	Kentucky
kycirct30	Kentucky
kycirct31	Kentucky
kycirct32	Kentucky
kycirct33	Kentucky
kycirct34	Kentucky
kycirct35	Kentucky
kycirct36	Kentucky
kycirct37	Kentucky
kycirct38	Kentucky
kycirct39	Kentucky
kycirct4	Kentucky
kycirct40	Kentucky
kycirct41	Kentucky
kycirct42	Kentucky
kycirct43	Kentucky
kycirct44	Kentucky
kycirct45	Kentucky
kycirct46	Kentucky
kycirct47	Kentucky
kycirct48	Kentucky
kycirct49	Kentucky
kycirct5	Kentucky
kycirct50	Kentucky
kycirct51	Kentucky
kycirct52	Kentucky
kycirct53	Kentucky
kycirct54	Kentucky
kycirct55	Kentucky
kycirct56	Kentucky
kycirct57	Kentucky
kycirct6	Kentucky
kycirct7	Kentucky
kycirct8	Kentucky
kycirct9	Kentucky
kycirctadair	Kentucky
kycirctallen	Kentucky
kycirctanderson	Kentucky
kycirctballard	Kentucky
kycirctbarren	Kentucky
kycirctbath	Kentucky
kycirctbell	Kentucky
kycirctboone	Kentucky
kycirctbourbon	Kentucky
kycirctboyd	Kentucky
kycirctboyle	Kentucky
kycirctbracken	Kentucky
kycirctbreathit	Kentucky
kycirctbreckinr	Kentucky
kycirctbullitt	Kentucky
kycirctbutler	Kentucky
kycirctcaldwell	Kentucky
kycirctcalloway	Kentucky
kycirctcampbell	Kentucky
kycirctcarlisle	Kentucky
kycirctcarroll	Kentucky
kycirctcarter	Kentucky
kycirctcasey	Kentucky
kycirctchristia	Kentucky
kycirctclark	Kentucky
kycirctclay	Kentucky
kycirctclinton	Kentucky
kycirctcrittend	Kentucky
kycirctcumberla	Kentucky
kycirctdaviess	Kentucky
kycirctedmonson	Kentucky
kycirctelliott	Kentucky
kycirctestill	Kentucky
kycirctfayette	Kentucky
kycirctfleming	Kentucky
kycirctfloyd	Kentucky
kycirctfranklin	Kentucky
kycirctfulton	Kentucky
kycirctgallatin	Kentucky
kycirctgarrard	Kentucky
kycirctgrant	Kentucky
kycirctgraves	Kentucky
kycirctgrayson	Kentucky
kycirctgreen	Kentucky
kycirctgreenup	Kentucky
kycircthancock	Kentucky
kycircthardin	Kentucky
kycirctharlan	Kentucky
kycirctharrison	Kentucky
kycircthart	Kentucky
kycircthenderso	Kentucky
kycircthenry	Kentucky
kycircthickman	Kentucky
kycircthopkins	Kentucky
kycirctjackson	Kentucky
kycirctjefferso	Kentucky
kycirctjessamin	Kentucky
kycirctjohnson	Kentucky
kycirctkenton	Kentucky
kycirctknott	Kentucky
kycirctknox	Kentucky
kycirctlarue	Kentucky
kycirctlaurel	Kentucky
kycirctlawrence	Kentucky
kycirctlee	Kentucky
kycirctleslie	Kentucky
kycirctletcher	Kentucky
kycirctlewis	Kentucky
kycirctlincoln	Kentucky
kycirctlivingst	Kentucky
kycirctlogan	Kentucky
kycirctlyon	Kentucky
kycirctmadison	Kentucky
kycirctmagoffin	Kentucky
kycirctmarion	Kentucky
kycirctmarshall	Kentucky
kycirctmartin	Kentucky
kycirctmason	Kentucky
kycirctmccracke	Kentucky
kycirctmccreary	Kentucky
kycirctmclean	Kentucky
kycirctmeade	Kentucky
kycirctmenifee	Kentucky
kycirctmercer	Kentucky
kycirctmetcalfe	Kentucky
kycirctmonroe	Kentucky
kycirctmontgome	Kentucky
kycirctmorgan	Kentucky
kycirctmuhlenbe	Kentucky
kycirctnelson	Kentucky
kycirctnicholas	Kentucky
kycirctohio	Kentucky
kycirctoldham	Kentucky
kycirctowen	Kentucky
kycirctowsley	Kentucky
kycirctpendleto	Kentucky
kycirctperry	Kentucky
kycirctpike	Kentucky
kycirctpowell	Kentucky
kycirctpulaski	Kentucky
kycirctrobertso	Kentucky
kycirctrockcast	Kentucky
kycirctrowan	Kentucky
kycirctrussell	Kentucky
kycirctscott	Kentucky
kycirctshelby	Kentucky
kycirctsimpson	Kentucky
kycirctspencer	Kentucky
kycircttaylor	Kentucky
kycircttodd	Kentucky
kycircttrigg	Kentucky
kycircttrimble	Kentucky
kycirctunion	Kentucky
kycirctwarren	Kentucky
kycirctwashingt	Kentucky
kycirctwayne	Kentucky
kycirctwebster	Kentucky
kycirctwhitley	Kentucky
kycirctwolfe	Kentucky
kycirctwoodford	Kentucky
kyctapp	Kentucky
kyd	Kentucky
kyeb	Kentucky
kyed	Kentucky
kywb	Kentucky
kywd	Kentucky
la	Louisiana
laag	Louisiana
lactapp	Louisiana
lacterrapp	Louisiana
lad	Louisiana
laeb	Louisiana
laed	Louisiana
lamb	Louisiana
lamd	Louisiana
lasuperct	Louisiana
lawb	Louisiana
lawd	Louisiana
leechojibtr	Minnesota
lrbottawact	Michigan
lrbottawactapp	Michigan
mab	Massachusetts
mad	Massachusetts
mahousct	Massachusetts
makahct	Washington
maprobct	Massachusetts
maritimecomm	Washington D.C.
mass	Massachusetts
massappct	Massachusetts
massdistct	Massachusetts
massdistctapp	Massachusetts
massdistctbos	Massachusetts
massdistctbrook	Massachusetts
masshserep	Massachusetts
masslandct	Massachusetts
masssuperct	Massachusetts
masssuperctbarn	Massachusetts
masssuperctberk	Massachusetts
masssuperctmid	Massachusetts
masssuperctsuff	Massachusetts
masssuperctworc	Massachusetts
masstaxbd	Massachusetts
maworkcompcom	Massachusetts
mc	Washington D.C.
md	Maryland
mdag	Maryland
mdb	Maryland
mdch	Maryland
mdcirct	Maryland
mdcirctct	Maryland
mdcirctctbalt	Maryland
mdcityctbalt	Maryland
mdctspecapp	Maryland
mdd	Maryland
mdorphanct	Maryland
mdorphanctbalt	Maryland
mdsuperctbalt	Maryland
mdtc	Maryland
me	Maine
meb	Maine
med	Maine
mesuperct	Maine
mesuperctknox	Maine
mich	Michigan
michchanct	Michigan
michctapp	Michigan
michd	Michigan
michrecdetroit	Michigan
michsuperct	Michigan
michsuperctdetr	Michigan
michsuperctgrap	Michigan
micirct	Michigan
micirct1	Michigan
micirct10	Michigan
micirct11	Michigan
micirct12	Michigan
micirct13	Michigan
micirct14	Michigan
micirct15	Michigan
micirct16	Michigan
micirct17	Michigan
micirct18	Michigan
micirct19	Michigan
micirct2	Michigan
micirct20	Michigan
micirct21	Michigan
micirct22	Michigan
micirct23	Michigan
micirct24	Michigan
micirct25	Michigan
micirct26	Michigan
micirct27	Michigan
micirct28	Michigan
micirct29	Michigan
micirct3	Michigan
micirct30	Michigan
micirct31	Michigan
micirct32	Michigan
micirct33	Michigan
micirct34	Michigan
micirct35	Michigan
micirct36	Michigan
micirct37	Michigan
micirct37cal	Michigan
micirct38	Michigan
micirct39	Michigan
micirct4	Michigan
micirct40	Michigan
micirct41	Michigan
micirct42	Michigan
micirct43	Michigan
micirct44	Michigan
micirct45	Michigan
micirct46	Michigan
micirct47	Michigan
micirct48	Michigan
micirct49	Michigan
micirct5	Michigan
micirct50	Michigan
micirct51	Michigan
micirct52	Michigan
micirct53	Michigan
micirct54	Michigan
micirct55	Michigan
micirct56	Michigan
micirct57	Michigan
micirct6	Michigan
micirct7	Michigan
micirct8	Michigan
micirct9	Michigan
mieb	Michigan
mied	Michigan
minn	Minnesota
minnctapp	Minnesota
minndistct	Minnesota
miss	Mississippi
misschanceryct	Mississippi
missctapp	Mississippi
missd	Mississippi
miwb	Michigan
miwd	Michigan
mnb	Minnesota
mnd	Minnesota
mntax	Minnesota
mo	Missouri
moag	Missouri
moctapp	Missouri
moctapped	Missouri
moctappsd	Missouri
moctappwd	Missouri
mod	Missouri
moeb	Missouri
moed	Missouri
moheganct	Connecticut
moheganctapp	Connecticut
moheganelders	Connecticut
mohegangct	Connecticut
mohegangctapp	Connecticut
mont	Montana
montereydistct	California
monttc	Montana
mowb	Missouri
mowd	Missouri
msnb	Mississippi
msnd	Mississippi
mssb	Mississippi
mssd	Mississippi
mtb	Montana
mtd	Montana
mtjdct	Montana
mtjdctFergus	Montana
mtjdctbighorn	Montana
mtjdcttreasure	Montana
mtwaterct	Montana
muscogee	Oklahoma
navajo	Arizona
navajochildct	Arizona
navajoctapp	Arizona
navajodistct	Arizona
navajofamct	Arizona
nc	North Carolina
ncbizct	North Carolina
ncctapp	North Carolina
ncd	North Carolina
ncdistct	North Carolina
nceb	North Carolina
nced	North Carolina
ncmb	North Carolina
ncmd	North Carolina
ncsuperct	North Carolina
ncwb	North Carolina
ncwd	North Carolina
ncworkcompcom	North Carolina
nd	North Dakota
ndb	North Dakota
ndctapp	North Dakota
ndd	North Dakota
neb	Nebraska
nebag	Nebraska
nebctapp	Nebraska
nebraskab	Nebraska
ned	Nebraska
nev	Nevada
nevapp	Nevada
nevdistct	Nevada
nevdistct7	Nevada
nevdistct7eur	Nevada
nh	New Hampshire
nhb	New Hampshire
nhd	New Hampshire
nhprivycounnh	United States
nhsuperct	New Hampshire
nj	New Jersey
njb	New Jersey
njch	New Jersey
njcirct	New Jersey
njcirctatlantic	New Jersey
njcirctbergen	New Jersey
njcirctburlingt	New Jersey
njcirctcamden	New Jersey
njcirctcapemay	New Jersey
njcirctcumberla	New Jersey
njcirctessex	New Jersey
njcirctgloucest	New Jersey
njcircthudson	New Jersey
njcircthunterdo	New Jersey
njcirctmercer	New Jersey
njcirctmiddlese	New Jersey
njcirctmonmouth	New Jersey
njcirctmorris	New Jersey
njcirctocean	New Jersey
njcirctpassaic	New Jersey
njcirctsalem	New Jersey
njcirctsomerset	New Jersey
njcirctsussex	New Jersey
njcirctunion	New Jersey
njcirctwarren	New Jersey
njcommned	New Jersey
njctcompl	New Jersey
njctpardons	New Jersey
njd	New Jersey
njfamct	New Jersey
njfamctatlantic	New Jersey
njfamctbergen	New Jersey
njfamctburlingt	New Jersey
njfamctcamden	New Jersey
njfamctcapemay	New Jersey
njfamctcumberla	New Jersey
njfamctessex	New Jersey
njfamctgloucest	New Jersey
njfamcthudson	New Jersey
njfamcthunterdo	New Jersey
njfamctmercer	New Jersey
njfamctmiddlese	New Jersey
njfamctmonmouth	New Jersey
njfamctmorris	New Jersey
njfamctocean	New Jersey
njfamctpassaic	New Jersey
njfamctsalem	New Jersey
njfamctsomerset	New Jersey
njfamctsussex	New Jersey
njfamctunion	New Jersey
njfamctwarren	New Jersey
njlaborcomp	New Jersey
njlawbkconf	New Jersey
njmunict	New Jersey
njmunictbyram	New Jersey
njmunictdumont	New Jersey
njmunicthacken	New Jersey
njmunictnewark	New Jersey
njmunictprince	New Jersey
njmunictsussex	New Jersey
njoytermct	New Jersey
njpuc	New Jersey
njqrtsess	New Jersey
njqrtsessessex	New Jersey
njqrtsessmorris	New Jersey
njrecct	New Jersey
njreccthoboken	New Jersey
njrecctmontcl	New Jersey
njspecstatct	New Jersey
njsuper	New Jersey
njsuperatlantic	New Jersey
njsuperbergen	New Jersey
njsuperburlingt	New Jersey
njsupercamden	New Jersey
njsupercapemay	New Jersey
njsuperctappdiv	New Jersey
njsupercumberla	New Jersey
njsuperessex	New Jersey
njsupergloucest	New Jersey
njsuperhudson	New Jersey
njsuperhunterdo	New Jersey
njsupermercer	New Jersey
njsupermiddlese	New Jersey
njsupermonmouth	New Jersey
njsupermorris	New Jersey
njsuperocean	New Jersey
njsuperpassaic	New Jersey
njsupersalem	New Jersey
njsupersomerset	New Jersey
njsupersussex	New Jersey
njsuperunion	New Jersey
njsuperwarren	New Jersey
njsurrct	New Jersey
njsurrctatlanti	New Jersey
njsurrctbergen	New Jersey
njsurrctburling	New Jersey
njsurrctcamden	New Jersey
njsurrctcapemay	New Jersey
njsurrctcumberl	New Jersey
njsurrctessex	New Jersey
njsurrctglouces	New Jersey
njsurrcthudson	New Jersey
njsurrcthunterd	New Jersey
njsurrctmercer	New Jersey
njsurrctmiddles	New Jersey
njsurrctmonmout	New Jersey
njsurrctmorris	New Jersey
njsurrctocean	New Jersey
njsurrctpassaic	New Jersey
njsurrctsalem	New Jersey
njsurrctsomerse	New Jersey
njsurrctsussex	New Jersey
njsurrctunion	New Jersey
njsurrctwarren	New Jersey
njtaxct	New Jersey
nm	New Mexico
nmb	New Mexico
nmcca	Washington D.C.
nmctapp	New Mexico
nmd	New Mexico
nmi	Northern Mariana Islands
nmib	Northern Mariana Islands
nmid	Northern Mariana Islands
nplainsctapp	South Dakota
nvb	Nevada
nvd	Nevada
ny	New York
nyadmct	New York
nyag	New York
nyalbanycityct	New York
nyalbanyctyct	New York
nyalbanyjustct	New York
nyalbspecsess	New York
nyalleganyctyct	New York
nyamherstjustct	New York
nyamsterdcityct	New York
nyappdiv	New York
nyappterm	New York
nyarbct	New York
nyauburncityct	New York
nybataviacityct	New York
nybedfordjustct	New York
nybingcityct	New York
nybronxctyct	New York
nybroomectyct	New York
nybuffalocityct	New York
nycanandcityct	New York
nycattctyct	New York
nycayugactyct	New York
nycfamct	New York
nychanct	New York
nychanctsara	New York
nychautctyct	New York
nychemungctyct	New York
nychenangoctyct	New York
nyciralbanycty	New York
nycircolcty	New York
nycirct	New York
nycirdelcty	New York
nycirdutchcty	New York
nycirkingscty	New York
nycirmonroecty	New York
nycironeidacty	New York
nyciroswegocty	New York
nycityct	New York
nycityctclinton	New York
nycityctlittlef	New York
nycityctnorw	New York
nycityctrenss	New York
nycitycttomp	New York
nycivct	New York
nycivctbronx	New York
nycivctkings	New York
nycivctny	New York
nycivctqueens	New York
nycivctrichm	New York
nyclaimsct	New York
nyclintonctyct	New York
nycohoescityct	New York
nycoloniejustct	New York
nycolumctyct	New York
nycommnapp	New York
nyconct	New York
nycortlandctyct	New York
nycortlcityct	New York
nycountyct	New York
nycountyctny	New York
nycrimct	New York
nycrimctbronx	New York
nycrimctkings	New York
nycrimctnyc	New York
nycrimctqueens	New York
nycrimctrichm	New York
nyctassizes	New York
nyctcompl	New York
nycterr	New York
nyd	New York
nydelawarectyct	New York
nydistct	New York
nydistctnassau	New York
nydistctsuffolk	New York
nydunkirkcityct	New York
nydutchessctyct	New York
nyeb	New York
nyed	New York
nyelmiracityct	New York
nyeriectyct	New York
nyessexctyct	New York
nyexecchamber	New York
nyfamct	New York
nyfamctalbany	New York
nyfamctalleg	New York
nyfamctbronx	New York
nyfamctchauta	New York
nyfamctchemung	New York
nyfamctclinton	New York
nyfamctdel	New York
nyfamctdutch	New York
nyfamcterie	New York
nyfamctessex	New York
nyfamctfrank	New York
nyfamctgenesee	New York
nyfamctgreene	New York
nyfamctjeff	New York
nyfamctkings	New York
nyfamctmadison	New York
nyfamctmonroe	New York
nyfamctmontg	New York
nyfamctnassau	New York
nyfamctniagara	New York
nyfamctoneida	New York
nyfamctonond	New York
nyfamctontario	New York
nyfamctorange	New York
nyfamctoswego	New York
nyfamctotsego	New York
nyfamctqueens	New York
nyfamctrenss	New York
nyfamctrich	New York
nyfamctrockl	New York
nyfamctsaratoga	New York
nyfamctschuyler	New York
nyfamctseneca	New York
nyfamctsteuben	New York
nyfamctstl	New York
nyfamctsuffolk	New York
nyfamctsull	New York
nyfamcttompkins	New York
nyfamctulster	New York
nyfamctwarren	New York
nyfamctwashing	New York
nyfamctwayne	New York
nyfamctwestch	New York
nyfamctyates	New York
nyfrankctyct	New York
nyfultoncityct	New York
nyfultonctyct	New York
nygardjust	New York
nygenessctyct	New York
nygenevacityct	New York
nygensess	New York
nygensesskings	New York
nygensesslewis	New York
nyglensfcityct	New York
nygloverscityct	New York
nygreenbjustct	New York
nygreenectyct	New York
nygtnkpljustct	New York
nyhamilctyct	New York
nyhempjustct	New York
nyherkimerctyct	New York
nyhornellcityct	New York
nyhospcommn	New York
nyhudsoncityct	New York
nyhunterjustct	New York
nyhydepkjustct	New York
nyimpct	New York
nyithacacityct	New York
nyjamescityct	New York
nyjeffctyct	New York
nyjudct	New York
nyjustct	New York
nyjustctamsterd	New York
nyjustctarcadia	New York
nyjustctardsley	New York
nyjustctaurora	New York
nyjustctbellp	New York
nyjustctbethl	New York
nyjustctblasdel	New York
nyjustctbriarcl	New York
nyjustctbrighto	New York
nyjustctbronxvi	New York
nyjustctcambria	New York
nyjustctcamillu	New York
nyjustctcanaan	New York
nyjustctcanton	New York
nyjustctcarmel	New York
nyjustctcayugah	New York
nyjustctchatam	New York
nyjustctcheekto	New York
nyjustctchenang	New York
nyjustctchili	New York
nyjustctclarks	New York
nyjustctclifton	New York
nyjustctclinton	New York
nyjustctcohoes	New York
nyjustctcornwal	New York
nyjustctcortlan	New York
nyjustctdeerp	New York
nyjustctdepew	New York
nyjustctdewitt	New York
nyjustctdickins	New York
nyjustctdix	New York
nyjustctdobbsfe	New York
nyjustcteastche	New York
nyjustcteastroc	New York
nyjustctefishk	New York
nyjustctelma	New York
nyjustctelmsfor	New York
nyjustctfairpor	New York
nyjustctfarmi	New York
nyjustctfishkil	New York
nyjustctfleisch	New York
nyjustctfrankfo	New York
nyjustctgates	New York
nyjustctgeneseo	New York
nyjustctgeneva	New York
nyjustctgreece	New York
nyjustctgreenpo	New York
nyjustcthampt	New York
nyjustctharriso	New York
nyjustcthasting	New York
nyjustcthaverst	New York
nyjustcthenriet	New York
nyjustctherkime	New York
nyjustcthighlan	New York
nyjustcthorsehe	New York
nyjustcthunting	New York
nyjustctirondeq	New York
nyjustctkingsbu	New York
nyjustctkingspo	New York
nyjustctlarchmo	New York
nyjustctlatting	New York
nyjustctlindenh	New York
nyjustctlloydha	New York
nyjustctlockpor	New York
nyjustctlowvill	New York
nyjustctlynbroo	New York
nyjustctmamaron	New York
nyjustctmassape	New York
nyjustctmassena	New York
nyjustctmaybroo	New York
nyjustctmendon	New York
nyjustctmillert	New York
nyjustctmills	New York
nyjustctmonroe	New York
nyjustctmonte	New York
nyjustctmontice	New York
nyjustctmountki	New York
nyjustctmutton	New York
nyjustctnewark	New York
nyjustctnewburg	New York
nyjustctnewpalt	New York
nyjustctnewscot	New York
nyjustctnewwind	New York
nyjustctniska	New York
nyjustctnorthca	New York
nyjustctnorthgr	New York
nyjustctnorthhi	New York
nyjustctnorthp	New York
nyjustctoakfiel	New York
nyjustctoceanbe	New York
nyjustctogden	New York
nyjustctonondag	New York
nyjustctorange	New York
nyjustctorchard	New York
nyjustctossinin	New York
nyjustctowego	New York
nyjustctoysterb	New York
nyjustctparma	New York
nyjustctpendl	New York
nyjustctpenfiel	New York
nyjustctperinto	New York
nyjustctpierm	New York
nyjustctpleasan	New York
nyjustctportche	New York
nyjustctportwa	New York
nyjustctpoughke	New York
nyjustctpoundri	New York
nyjustctramapo	New York
nyjustctredhook	New York
nyjustctrhinebe	New York
nyjustctrockvil	New York
nyjustctroslynh	New York
nyjustctsandlak	New York
nyjustctscarsda	New York
nyjustctschuyle	New York
nyjustctseaclif	New York
nyjustctsleepyh	New York
nyjustctsomers	New York
nyjustctsouthny	New York
nyjustctspringc	New York
nyjustctspringv	New York
nyjustctstarkey	New York
nyjustctstuyv	New York
nyjustctsuffern	New York
nyjustcttarryt	New York
nyjustctthenyac	New York
nyjustcttonawan	New York
nyjustcttuckaho	New York
nyjustcttuxedo	New York
nyjustctulster	New York
nyjustctwapping	New York
nyjustctwells	New York
nyjustctwestbur	New York
nyjustctwoodbur	New York
nyjustctwoodsto	New York
nyjustctyonkers	New York
nyjustctyork	New York
nykensjustct	New York
nykinderjustct	New York
nykingctyct	New York
nykingsctyct	New York
nykingstcityct	New York
nylackawcityct	New York
nylagrjustct	New York
nylbccityct	New York
nylewisctyct	New York
nylivingstctyct	New York
nylockpcityct	New York
nymadctyct	New York
nymagct	New York
nymarct	New York
nymassapkjustct	New York
nymiddletcityct	New York
nymonroectyct	New York
nymontctyct	New York
nymtverncityct	New York
nynassaucityct	New York
nynassctyct	New York
nynb	New York
nynd	New York
nynewburcityct	New York
nynewroccityct	New York
nyniagaracityct	New York
nyniagaractyct	New York
nynyccityct	New York
nynycmagct	New York
nynycspecsess	New York
nyoneidacityct	New York
nyoneidactyct	New York
nyonondagactyct	New York
nyontarioctyct	New York
nyorangectyct	New York
nyorleansctyct	New York
nyoswegocityct	New York
nyoswegoctyct	New York
nyotsegoctyct	New York
nyoyctsteuben	New York
nyoyqueens	New York
nyoytermct	New York
nyoytermctalb	New York
nyoytermctmon	New York
nyoytermctnyc	New York
nyoytermctren	New York
nyoytermcttomp	New York
nyoytermctwash	New York
nypeekskcityct	New York
nyplattscityct	New York
nyportjercityct	New York
nypoughcityct	New York
nyprobsolvct	New York
nyproct	New York
nyputnamctyct	New York
nyqueensctyct	New York
nyrecctnewburgh	New York
nyrensctyct	New York
nyroccityct	New York
nyrocklandctyct	New York
nyromecityct	New York
nyryecityct	New York
nysaratocityct	New York
nysaratogactyct	New York
nysb	New York
nyschencityct	New York
nyschenctyct	New York
nyschoharctyct	New York
nyschuylerctyct	New York
nysd	New York
nysenctyct	New York
nysessct	New York
nysessctalbany	New York
nysessctchauta	New York
nysessctgenesee	New York
nysessctlewis	New York
nysessctnyc	New York
nysessctorange	New York
nysessctqueens	New York
nysessctren	New York
nysessctrock	New York
nysessctulster	New York
nyspecsessct	New York
nyspecsessyonk	New York
nystateassembly	New York
nysteubenctyct	New York
nystlawctyct	New York
nysuffolkctyct	New York
nysullivanctyct	New York
nysupct	New York
nysupctalbany	New York
nysupctalgny	New York
nysupctbrm	New York
nysupctbrnx	New York
nysupctcayuga	New York
nysupctchenango	New York
nysupctchmng	New York
nysupctchtq	New York
nysupctclinton	New York
nysupctclmb	New York
nysupctcrtlnd	New York
nysupctctrgs	New York
nysupctdlwr	New York
nysupctdtchss	New York
nysupcterie	New York
nysupctessex	New York
nysupctfltn	New York
nysupctfrnkln	New York
nysupctgnss	New York
nysupctgrn	New York
nysupcthamilton	New York
nysupcthrkmr	New York
nysupctjffrsn	New York
nysupctkings	New York
nysupctlewis	New York
nysupctlvngstn	New York
nysupctmdsn	New York
nysupctmntgmry	New York
nysupctmonroe	New York
nysupctnewyork	New York
nysupctniagra	New York
nysupctnndg	New York
nysupctnss	New York
nysupctntr	New York
nysupctoneida	New York
nysupctorange	New York
nysupctostego	New York
nysupctptnm	New York
nysupctqueens	New York
nysupctrcklnd	New York
nysupctren	New York
nysupctrichmond	New York
nysupctrlns	New York
nysupctschnec	New York
nysupctscho	New York
nysupctschuy	New York
nysupctsllvn	New York
nysupctsnc	New York
nysupctsntlw	New York
nysupctsrtg	New York
nysupctstbn	New York
nysupctswg	New York
nysupcttioga	New York
nysupcttmpkns	New York
nysupctulster	New York
nysupctwarren	New York
nysupctwash	New York
nysupctwayne	New York
nysupctwster	New York
nysupctwyom	New York
nysupctyates	New York
nysuperctbuf	New York
nysuperctnyc	New York
nysuprctfflk	New York
nysurct	New York
nysurctalbany	New York
nysurctbronx	New York
nysurctbroome	New York
nysurctcattar	New York
nysurctchauta	New York
nysurctcortland	New York
nysurctdelaware	New York
nysurctdutchess	New York
nysurcterie	New York
nysurctessex	New York
nysurctfranklin	New York
nysurctgenesee	New York
nysurctjefferso	New York
nysurctkings	New York
nysurctmadison	New York
nysurctmonroe	New York
nysurctnassau	New York
nysurctnyc	New York
nysurctoneida	New York
nysurctonond	New York
nysurctorange	New York
nysurctputnam	New York
nysurctqueens	New York
nysurctrenssela	New York
nysurctrichmond	New York
nysurctrockland	New York
nysurctsaratoga	New York
nysurctschenect	New York
nysurctsuffolk	New York
nysurctsullivan	New York
nysurcttompkins	New York
nysurctulster	New York
nysurctwarren	New York
nysurctwayne	New York
nysurctwestches	New York
nysurctwyo	New York
nysurctyates	New York
nysyrcityct	New York
nytaghjustct	New York
nytiogactyct	New York
nytompkinsctyct	New York
nytonacityct	New York
nytroycityct	New York
nytroyjustct	New York
nyulsterctyct	New York
nyuticacityct	New York
nyvalstrjustct	New York
nywarrenctyct	New York
nywashctyct	New York
nywatertcityct	New York
nywaynectyct	New York
nywb	New York
nywd	New York
nywebsterjustct	New York
nywestchcityct	New York
nywestchcty	New York
nywhplncityct	New York
nywyomingctyct	New York
nyyatesctyct	New York
nyyonkerscityct	New York
odawactapp	Michigan
ohcirctadams	Ohio
ohcirctallen	Ohio
ohcirctashland	Ohio
ohcirctashtabul	Ohio
ohcirctathens	Ohio
ohcirctauglaize	Ohio
ohcirctbelmont	Ohio
ohcirctbrown	Ohio
ohcirctbutler	Ohio
ohcirctcarroll	Ohio
ohcirctchampaig	Ohio
ohcirctclark	Ohio
ohcirctclermont	Ohio
ohcirctclinton	Ohio
ohcirctcolumbia	Ohio
ohcirctcoshocto	Ohio
ohcirctcrawford	Ohio
ohcirctcuyahoga	Ohio
ohcirctdarke	Ohio
ohcirctdefiance	Ohio
ohcirctdelaware	Ohio
ohcircterie	Ohio
ohcirctfairfiel	Ohio
ohcirctfayette	Ohio
ohcirctfranklin	Ohio
ohcirctfulton	Ohio
ohcirctgeauga	Ohio
ohcirctgreene	Ohio
ohcirctguernsey	Ohio
ohcircthamilton	Ohio
ohcircthancock	Ohio
ohcircthancook	Ohio
ohcircthardin	Ohio
ohcirctharrison	Ohio
ohcircthenry	Ohio
ohcircthighland	Ohio
ohcirctholmes	Ohio
ohcircthuron	Ohio
ohcirctjackson	Ohio
ohcirctjefferso	Ohio
ohcirctknox	Ohio
ohcirctlake	Ohio
ohcirctlawrence	Ohio
ohcirctlicking	Ohio
ohcirctlogan	Ohio
ohcirctlorain	Ohio
ohcirctlucas	Ohio
ohcirctmadison	Ohio
ohcirctmahoning	Ohio
ohcirctmarion	Ohio
ohcirctmedina	Ohio
ohcirctmeigs	Ohio
ohcirctmercer	Ohio
ohcirctmiami	Ohio
ohcirctmonroe	Ohio
ohcirctmontgome	Ohio
ohcirctmorgan	Ohio
ohcirctmorrow	Ohio
ohcirctmuskingu	Ohio
ohcirctnoble	Ohio
ohcirctottawa	Ohio
ohcirctpaulding	Ohio
ohcirctperry	Ohio
ohcirctpickaway	Ohio
ohcirctpike	Ohio
ohcirctportage	Ohio
ohcirctpreble	Ohio
ohcirctputnam	Ohio
ohcirctrichland	Ohio
ohcirctross	Ohio
ohcirctsandusky	Ohio
ohcirctscioto	Ohio
ohcirctseneca	Ohio
ohcirctshelby	Ohio
ohcirctstark	Ohio
ohcirctsummit	Ohio
ohcircttaggart	Ohio
ohcircttrumbull	Ohio
ohcircttuscaraw	Ohio
ohcirctunion	Ohio
ohcirctvanwert	Ohio
ohcirctvinton	Ohio
ohcirctwarren	Ohio
ohcirctwayne	Ohio
ohcirctwilliams	Ohio
ohcirctwood	Ohio
ohcirctwyandot	Ohio
ohcirctwyandott	Ohio
ohctapp1	Ohio
ohctapp10	Ohio
ohctapp10frankl	Ohio
ohctapp11	Ohio
ohctapp11ashtab	Ohio
ohctapp11geauga	Ohio
ohctapp11lake	Ohio
ohctapp11portag	Ohio
ohctapp11trumbu	Ohio
ohctapp12	Ohio
ohctapp12brown	Ohio
ohctapp12butler	Ohio
ohctapp12clermo	Ohio
ohctapp12clinto	Ohio
ohctapp12fayett	Ohio
ohctapp12madiso	Ohio
ohctapp12preble	Ohio
ohctapp12warren	Ohio
ohctapp1hamilto	Ohio
ohctapp2	Ohio
ohctapp2champai	Ohio
ohctapp2clark	Ohio
ohctapp2darke	Ohio
ohctapp2greene	Ohio
ohctapp2miami	Ohio
ohctapp2montgom	Ohio
ohctapp3	Ohio
ohctapp3allen	Ohio
ohctapp3auglaiz	Ohio
ohctapp3crawfor	Ohio
ohctapp3defianc	Ohio
ohctapp3hancock	Ohio
ohctapp3hardin	Ohio
ohctapp3henry	Ohio
ohctapp3logan	Ohio
ohctapp3marion	Ohio
ohctapp3mercer	Ohio
ohctapp3pauldin	Ohio
ohctapp3putnam	Ohio
ohctapp3seneca	Ohio
ohctapp3shelby	Ohio
ohctapp3union	Ohio
ohctapp3vanwert	Ohio
ohctapp3wyandot	Ohio
ohctapp4	Ohio
ohctapp4adams	Ohio
ohctapp4athens	Ohio
ohctapp4gallia	Ohio
ohctapp4highlan	Ohio
ohctapp4hocking	Ohio
ohctapp4jackson	Ohio
ohctapp4lawrenc	Ohio
ohctapp4meigs	Ohio
ohctapp4pickawa	Ohio
ohctapp4pike	Ohio
ohctapp4ross	Ohio
ohctapp4scioto	Ohio
ohctapp4vinton	Ohio
ohctapp4washing	Ohio
ohctapp5	Ohio
ohctapp5ashland	Ohio
ohctapp5coshoct	Ohio
ohctapp5delawar	Ohio
ohctapp5fairfie	Ohio
ohctapp5guernse	Ohio
ohctapp5holmes	Ohio
ohctapp5knox	Ohio
ohctapp5licking	Ohio
ohctapp5morgan	Ohio
ohctapp5morrow	Ohio
ohctapp5musking	Ohio
ohctapp5richlan	Ohio
ohctapp5stark	Ohio
ohctapp5tuscara	Ohio
ohctapp6	Ohio
ohctapp6erie	Ohio
ohctapp6fulton	Ohio
ohctapp6huron	Ohio
ohctapp6lucas	Ohio
ohctapp6ottawa	Ohio
ohctapp6sandusk	Ohio
ohctapp6william	Ohio
ohctapp6wood	Ohio
ohctapp7	Ohio
ohctapp7belmont	Ohio
ohctapp7carroll	Ohio
ohctapp7columbi	Ohio
ohctapp7harriso	Ohio
ohctapp7jeffers	Ohio
ohctapp7mahonin	Ohio
ohctapp7monroe	Ohio
ohctapp7noble	Ohio
ohctapp8	Ohio
ohctapp8cuyahog	Ohio
ohctapp9	Ohio
ohctapp9lorain	Ohio
ohctapp9medina	Ohio
ohctapp9summit	Ohio
ohctapp9wayne	Ohio
ohctcompladams	Ohio
ohctcomplallen	Ohio
ohctcomplashlan	Ohio
ohctcomplashtab	Ohio
ohctcomplathens	Ohio
ohctcomplauglai	Ohio
ohctcomplbelmon	Ohio
ohctcomplboss	Ohio
ohctcomplbrown	Ohio
ohctcomplbutler	Ohio
ohctcomplcarrol	Ohio
ohctcomplchampa	Ohio
ohctcomplclark	Ohio
ohctcomplclarke	Ohio
ohctcomplclermo	Ohio
ohctcomplclinto	Ohio
ohctcomplcolumb	Ohio
ohctcomplcoshoc	Ohio
ohctcomplcrawfo	Ohio
ohctcomplcuyaho	Ohio
ohctcompldarke	Ohio
ohctcompldefian	Ohio
ohctcompldelawa	Ohio
ohctcomplerie	Ohio
ohctcomplfairfi	Ohio
ohctcomplfayett	Ohio
ohctcomplfrankl	Ohio
ohctcomplfulton	Ohio
ohctcomplgalia	Ohio
ohctcomplgallia	Ohio
ohctcomplgeauga	Ohio
ohctcomplgreen	Ohio
ohctcomplgreene	Ohio
ohctcomplguerns	Ohio
ohctcomplhamilt	Ohio
ohctcomplhancoc	Ohio
ohctcomplhardin	Ohio
ohctcomplharris	Ohio
ohctcomplhenry	Ohio
ohctcomplhighla	Ohio
ohctcomplhockin	Ohio
ohctcomplholmes	Ohio
ohctcomplhuron	Ohio
ohctcompljackso	Ohio
ohctcompljeffer	Ohio
ohctcomplknox	Ohio
ohctcompllake	Ohio
ohctcompllawren	Ohio
ohctcompllickin	Ohio
ohctcompllogan	Ohio
ohctcompllorain	Ohio
ohctcompllucas	Ohio
ohctcomplmadiso	Ohio
ohctcomplmahoni	Ohio
ohctcomplmarion	Ohio
ohctcomplmedina	Ohio
ohctcomplmeigs	Ohio
ohctcomplmercer	Ohio
ohctcomplmiami	Ohio
ohctcomplmonroe	Ohio
ohctcomplmontgo	Ohio
ohctcomplmorgan	Ohio
ohctcomplmorrow	Ohio
ohctcomplmuskin	Ohio
ohctcomplnoble	Ohio
ohctcomplottawa	Ohio
ohctcomplpauldi	Ohio
ohctcomplpickaw	Ohio
ohctcomplpike	Ohio
ohctcomplportag	Ohio
ohctcomplpreble	Ohio
ohctcomplputnam	Ohio
ohctcomplrichla	Ohio
ohctcomplross	Ohio
ohctcomplsandus	Ohio
ohctcomplscioto	Ohio
ohctcomplseneca	Ohio
ohctcomplshelby	Ohio
ohctcomplstark	Ohio
ohctcomplsummit	Ohio
ohctcompltascar	Ohio
ohctcompltrumbu	Ohio
ohctcompltuscar	Ohio
ohctcomplunion	Ohio
ohctcomplvanwe	Ohio
ohctcomplvinton	Ohio
ohctcomplwarren	Ohio
ohctcomplwashin	Ohio
ohctcomplwayne	Ohio
ohctcomplwillia	Ohio
ohctcomplwood	Ohio
ohctcomplwyando	Ohio
ohctinsolv	Ohio
ohctinsolvcuyah	Ohio
ohctinsolvhamil	Ohio
ohio	Ohio
ohioag	Ohio
ohiobar	Ohio
ohiocirct	Ohio
ohiocivright	Ohio
ohiocountyct	Ohio
ohioctapp	Ohio
ohioctcl	Ohio
ohioctcompl	Ohio
ohioctnp	Ohio
ohioctyctadams	Ohio
ohioctyctashtab	Ohio
ohioctyctbelmon	Ohio
ohioctyctbrown	Ohio
ohioctyctbutler	Ohio
ohioctyctclark	Ohio
ohioctyctcolum	Ohio
ohioctyctcosh	Ohio
ohioctyctfrank	Ohio
ohioctyctfulton	Ohio
ohioctyctharris	Ohio
ohioctycthighla	Ohio
ohioctyctjeffer	Ohio
ohioctyctmahoni	Ohio
ohioctyctmeigs	Ohio
ohioctyctmonroe	Ohio
ohioctyctmorgan	Ohio
ohioctyctmuskin	Ohio
ohioctyctnoble	Ohio
ohioctyctpauldi	Ohio
ohioctyctperry	Ohio
ohioctyctpike	Ohio
ohioctyctputnam	Ohio
ohioctyctsandus	Ohio
ohioctyctstark	Ohio
ohioctycttrumbu	Ohio
ohioctycttuscar	Ohio
ohioctyctvinton	Ohio
ohioctyctwarren	Ohio
ohiod	Ohio
ohiodistct	Ohio
ohiomagct	Ohio
ohiopuc	Ohio
ohiorac	Ohio
ohiosuperct	Ohio
ohiotax	Ohio
ohjuvct	Ohio
ohjuvctallen	Ohio
ohjuvctcolumbia	Ohio
ohjuvctcuyahoga	Ohio
ohjuvctgreene	Ohio
ohjuvcthamilton	Ohio
ohjuvcthuron	Ohio
ohjuvctlicking	Ohio
ohjuvctlucas	Ohio
ohjuvctmarion	Ohio
ohjuvctmuskingu	Ohio
ohjuvctnoble	Ohio
ohjuvctpreble	Ohio
ohjuvcttuscaraw	Ohio
ohjuvctwarren	Ohio
ohjuvctwayne	Ohio
ohmayorct	Ohio
ohmayorctcinci	Ohio
ohmayorctclev	Ohio
ohmayorctcolum	Ohio
ohmunict	Ohio
ohmunictakron	Ohio
ohmunictashland	Ohio
ohmunictashtabu	Ohio
ohmunictathens	Ohio
ohmunictauglaiz	Ohio
ohmunictavonlak	Ohio
ohmunictbarbert	Ohio
ohmunictbedford	Ohio
ohmunictbellefo	Ohio
ohmunictberea	Ohio
ohmunictbowling	Ohio
ohmunictcanton	Ohio
ohmunictcelina	Ohio
ohmunictchardon	Ohio
ohmunictchillic	Ohio
ohmunictcincinn	Ohio
ohmunictcirclev	Ohio
ohmunictclark	Ohio
ohmunictclermon	Ohio
ohmunictclevela	Ohio
ohmunictcolumbu	Ohio
ohmunictcrawfor	Ohio
ohmunictcuyahog	Ohio
ohmunictcuyfall	Ohio
ohmunictdarke	Ohio
ohmunictdayton	Ohio
ohmunicteastliv	Ohio
ohmunictelyria	Ohio
ohmunicteuclid	Ohio
ohmunicteuclidc	Ohio
ohmunictfindlay	Ohio
ohmunictfostori	Ohio
ohmunictfrankli	Ohio
ohmunictfremont	Ohio
ohmunictgallipo	Ohio
ohmunictgirard	Ohio
ohmunicthamilto	Ohio
ohmunicthighlan	Ohio
ohmunicthocking	Ohio
ohmunictketteri	Ohio
ohmunictlakewoo	Ohio
ohmunictlancast	Ohio
ohmunictlawrenc	Ohio
ohmunictlicking	Ohio
ohmunictlima	Ohio
ohmunictlorain	Ohio
ohmunictlucas	Ohio
ohmunictmansfie	Ohio
ohmunictmarion	Ohio
ohmunictmarysvi	Ohio
ohmunictmassill	Ohio
ohmunictmaumee	Ohio
ohmunictmedina	Ohio
ohmunictmiamisb	Ohio
ohmunictmiddlet	Ohio
ohmunictmorrow	Ohio
ohmunictnewphil	Ohio
ohmunictnewtonf	Ohio
ohmunictoberlin	Ohio
ohmunictparma	Ohio
ohmunictperrysb	Ohio
ohmunictpiqua	Ohio
ohmunictportage	Ohio
ohmunictportcli	Ohio
ohmunictportsmo	Ohio
ohmunictravenna	Ohio
ohmunictrockyri	Ohio
ohmunictshakerh	Ohio
ohmunictsidney	Ohio
ohmunictsoutheu	Ohio
ohmunictspringf	Ohio
ohmunictstruthe	Ohio
ohmunictsummit	Ohio
ohmunictsylvani	Ohio
ohmunicttiffin	Ohio
ohmunicttoledo	Ohio
ohmunicttrumbul	Ohio
ohmunictuppersa	Ohio
ohmunictvandali	Ohio
ohmunictvanwert	Ohio
ohmunictwadswor	Ohio
ohmunictwarren	Ohio
ohmunictwayne	Ohio
ohmunictwilloug	Ohio
ohmunictxenia	Ohio
ohmunictzanesvi	Ohio
ohnb	Ohio
ohnd	Ohio
ohprobct	Ohio
ohprobctallen	Ohio
ohprobctashtabu	Ohio
ohprobctauglaiz	Ohio
ohprobctbelmont	Ohio
ohprobctbutler	Ohio
ohprobctchampai	Ohio
ohprobctclark	Ohio
ohprobctclarke	Ohio
ohprobctclermon	Ohio
ohprobctclinton	Ohio
ohprobctcolumbi	Ohio
ohprobctcuyahog	Ohio
ohprobctdarke	Ohio
ohprobcterie	Ohio
ohprobctfairfie	Ohio
ohprobctfayette	Ohio
ohprobctfrankli	Ohio
ohprobctfulton	Ohio
ohprobctgeauga	Ohio
ohprobctgreene	Ohio
ohprobcthamilto	Ohio
ohprobcthancock	Ohio
ohprobcthardin	Ohio
ohprobctharriso	Ohio
ohprobcthenry	Ohio
ohprobcthighlan	Ohio
ohprobcthuron	Ohio
ohprobctjackson	Ohio
ohprobctjeffers	Ohio
ohprobctknox	Ohio
ohprobctlake	Ohio
ohprobctlicking	Ohio
ohprobctlorain	Ohio
ohprobctlucas	Ohio
ohprobctmadison	Ohio
ohprobctmahonin	Ohio
ohprobctmarion	Ohio
ohprobctmeigs	Ohio
ohprobctmercer	Ohio
ohprobctmiami	Ohio
ohprobctmontgom	Ohio
ohprobctmorgan	Ohio
ohprobctmusking	Ohio
ohprobctnoble	Ohio
ohprobctperry	Ohio
ohprobctpike	Ohio
ohprobctportage	Ohio
ohprobctpreble	Ohio
ohprobctputnam	Ohio
ohprobctross	Ohio
ohprobctsandusk	Ohio
ohprobctscioto	Ohio
ohprobctseneca	Ohio
ohprobctshelby	Ohio
ohprobctstark	Ohio
ohprobctsummit	Ohio
ohprobcttrumbul	Ohio
ohprobcttuscara	Ohio
ohprobctunion	Ohio
ohprobctvanwer	Ohio
ohprobctwarren	Ohio
ohprobctwashing	Ohio
ohprobctwayne	Ohio
ohsb	Ohio
ohsd	Ohio
ohsuperctcinci	Ohio
ojibwectapp	Minnesota
okd	Oklahoma
okeb	Oklahoma
oked	Oklahoma
okla	Oklahoma
oklaag	Oklahoma
oklacivapp	Oklahoma
oklacoj	Oklahoma
oklacrimapp	Oklahoma
oklajeap	Oklahoma
oknb	Oklahoma
oknd	Oklahoma
okwb	Oklahoma
okwd	Oklahoma
olc	Washington D.C.
oneidact	New York
oneidactapp	New York
oneidatrialct	New York
or	Oregon
orb	Oregon
orcc	Oregon
orccbaker	Oregon
orccbenton	Oregon
orccclackamas	Oregon
orccclatsop	Oregon
orcccolumbia	Oregon
orcccoos	Oregon
orcccrook	Oregon
orcccurry	Oregon
orccdeschutes	Oregon
orccdouglas	Oregon
orccgilliam	Oregon
orccgrant	Oregon
orccharney	Oregon
orcchoodriver	Oregon
orccjackson	Oregon
orccjefferson	Oregon
orccjosephine	Oregon
orccklamath	Oregon
orcclake	Oregon
orcclane	Oregon
orcclincoln	Oregon
orcclinn	Oregon
orccmalheur	Oregon
orccmarion	Oregon
orccmorrow	Oregon
orccmultnomah	Oregon
orccpolk	Oregon
orccsherman	Oregon
orcctillamook	Oregon
orccumatilla	Oregon
orccunion	Oregon
orccwallowa	Oregon
orccwasco	Oregon
orccwashington	Oregon
orccwheeler	Oregon
orccyamhill	Oregon
orctapp	Oregon
ord	Oregon
orld	Louisiana
ortc	Oregon
pa	Pennsylvania
paadmct	Pennsylvania
paag	Pennsylvania
paarbpnlhc	Pennsylvania
pacirct	Pennsylvania
pacommwct	Pennsylvania
pactcompl	Pennsylvania
pactcompladams	Pennsylvania
pactcomplallegh	Pennsylvania
pactcomplarmstr	Pennsylvania
pactcomplbeaver	Pennsylvania
pactcomplbedfor	Pennsylvania
pactcomplberks	Pennsylvania
pactcomplblair	Pennsylvania
pactcomplbradfo	Pennsylvania
pactcomplbucks	Pennsylvania
pactcomplbutler	Pennsylvania
pactcomplcambri	Pennsylvania
pactcomplcamero	Pennsylvania
pactcomplcarbon	Pennsylvania
pactcomplcentre	Pennsylvania
pactcomplcheste	Pennsylvania
pactcomplclario	Pennsylvania
pactcomplclearf	Pennsylvania
pactcomplclinto	Pennsylvania
pactcomplcolumb	Pennsylvania
pactcomplcrawfo	Pennsylvania
pactcomplcumber	Pennsylvania
pactcompldauphi	Pennsylvania
pactcompldelawa	Pennsylvania
pactcomplelk	Pennsylvania
pactcomplerie	Pennsylvania
pactcomplfayett	Pennsylvania
pactcomplforest	Pennsylvania
pactcomplfrankl	Pennsylvania
pactcomplfulton	Pennsylvania
pactcomplgreen	Pennsylvania
pactcomplgreene	Pennsylvania
pactcomplharris	Pennsylvania
pactcomplhuntin	Pennsylvania
pactcomplindian	Pennsylvania
pactcompljeffer	Pennsylvania
pactcompljuniat	Pennsylvania
pactcompllackaw	Pennsylvania
pactcompllancas	Pennsylvania
pactcompllawren	Pennsylvania
pactcompllebano	Pennsylvania
pactcompllehigh	Pennsylvania
pactcomplluzern	Pennsylvania
pactcompllycomi	Pennsylvania
pactcomplmckean	Pennsylvania
pactcomplmercer	Pennsylvania
pactcomplmiffli	Pennsylvania
pactcomplmonroe	Pennsylvania
pactcomplmontgo	Pennsylvania
pactcomplmontou	Pennsylvania
pactcomplnortha	Pennsylvania
pactcomplnorthu	Pennsylvania
pactcomplperry	Pennsylvania
pactcomplphilad	Pennsylvania
pactcomplpike	Pennsylvania
pactcomplpotter	Pennsylvania
pactcomplschuyl	Pennsylvania
pactcomplsnyder	Pennsylvania
pactcomplsomers	Pennsylvania
pactcomplsulliv	Pennsylvania
pactcomplsunder	Pennsylvania
pactcomplsusque	Pennsylvania
pactcomplsynder	Pennsylvania
pactcompltioga	Pennsylvania
pactcomplunion	Pennsylvania
pactcomplvenang	Pennsylvania
pactcomplwarren	Pennsylvania
pactcomplwashin	Pennsylvania
pactcomplwayne	Pennsylvania
pactcomplwestmo	Pennsylvania
pactcomplwycomi	Pennsylvania
pactcomplwyomin	Pennsylvania
pactcomplyork	Pennsylvania
pactregwills	Pennsylvania
padepted	Pennsylvania
padeptjust	Pennsylvania
padeptpubwel	Pennsylvania
paeb	Pennsylvania
paed	Pennsylvania
paenvhrbd	Pennsylvania
pajuvct	Pennsylvania
pajuvctcambria	Pennsylvania
pajuvctdel	Pennsylvania
pamb	Pennsylvania
pamd	Pennsylvania
pamunict	Pennsylvania
pamunictphila	Pennsylvania
paorphct	Pennsylvania
paorphctadams	Pennsylvania
paorphctallegh	Pennsylvania
paorphctarmstr	Pennsylvania
paorphctbeaver	Pennsylvania
paorphctbedfor	Pennsylvania
paorphctberks	Pennsylvania
paorphctblair	Pennsylvania
paorphctbradfo	Pennsylvania
paorphctbucks	Pennsylvania
paorphctbutler	Pennsylvania
paorphctcambri	Pennsylvania
paorphctcamero	Pennsylvania
paorphctcarbon	Pennsylvania
paorphctcentre	Pennsylvania
paorphctcheste	Pennsylvania
paorphctclario	Pennsylvania
paorphctclearf	Pennsylvania
paorphctclinto	Pennsylvania
paorphctcolumb	Pennsylvania
paorphctcrawfo	Pennsylvania
paorphctcumber	Pennsylvania
paorphctdauphi	Pennsylvania
paorphctdelawa	Pennsylvania
paorphctelk	Pennsylvania
paorphcterie	Pennsylvania
paorphctfayett	Pennsylvania
paorphctforest	Pennsylvania
paorphctfrankl	Pennsylvania
paorphctfulton	Pennsylvania
paorphctgreene	Pennsylvania
paorphcthuntin	Pennsylvania
paorphctindian	Pennsylvania
paorphctjeffer	Pennsylvania
paorphctjuniat	Pennsylvania
paorphctlackaw	Pennsylvania
paorphctlancas	Pennsylvania
paorphctlawren	Pennsylvania
paorphctlebano	Pennsylvania
paorphctlehigh	Pennsylvania
paorphctluzern	Pennsylvania
paorphctlycomi	Pennsylvania
paorphctmercer	Pennsylvania
paorphctmiffli	Pennsylvania
paorphctmongto	Pennsylvania
paorphctmonroe	Pennsylvania
paorphctmontgo	Pennsylvania
paorphctmontou	Pennsylvania
paorphctnortha	Pennsylvania
paorphctnorthu	Pennsylvania
paorphctperry	Pennsylvania
paorphctphilad	Pennsylvania
paorphctpike	Pennsylvania
paorphctschuyl	Pennsylvania
paorphctsnyder	Pennsylvania
paorphctsomers	Pennsylvania
paorphctsulliv	Pennsylvania
paorphctsusque	Pennsylvania
paorphcttioga	Pennsylvania
paorphctunion	Pennsylvania
paorphctvenang	Pennsylvania
paorphctwarren	Pennsylvania
paorphctwashin	Pennsylvania
paorphctwayne	Pennsylvania
paorphctwestmo	Pennsylvania
paorphctwyomin	Pennsylvania
paorphctyork	Pennsylvania
paoytermct	Pennsylvania
paoytermctadams	Pennsylvania
paoytermctalleg	Pennsylvania
paoytermctbeave	Pennsylvania
paoytermctbedfo	Pennsylvania
paoytermctberks	Pennsylvania
paoytermctbucks	Pennsylvania
paoytermctcambr	Pennsylvania
paoytermctcarbo	Pennsylvania
paoytermctchest	Pennsylvania
paoytermctclari	Pennsylvania
paoytermctcolum	Pennsylvania
paoytermctcumbe	Pennsylvania
paoytermctdauph	Pennsylvania
paoytermctdelaw	Pennsylvania
paoytermcterie	Pennsylvania
paoytermctfayet	Pennsylvania
paoytermctfrank	Pennsylvania
paoytermctfulto	Pennsylvania
paoytermctgreen	Pennsylvania
paoytermctjeffe	Pennsylvania
paoytermctjunia	Pennsylvania
paoytermctlacka	Pennsylvania
paoytermctlanca	Pennsylvania
paoytermctlawre	Pennsylvania
paoytermctleban	Pennsylvania
paoytermctlehig	Pennsylvania
paoytermctluzer	Pennsylvania
paoytermctmerce	Pennsylvania
paoytermctmontg	Pennsylvania
paoytermctnorth	Pennsylvania
paoytermctperry	Pennsylvania
paoytermctphila	Pennsylvania
paoytermctschuy	Pennsylvania
paoytermctsomer	Pennsylvania
paoytermctsusqu	Pennsylvania
paoytermctvenan	Pennsylvania
paoytermctwestm	Pennsylvania
paoytermctyork	Pennsylvania
paparolebd	Pennsylvania
paqtrsessadams	Pennsylvania
paqtrsessallegh	Pennsylvania
paqtrsessarmstr	Pennsylvania
paqtrsessbeaver	Pennsylvania
paqtrsessbedfor	Pennsylvania
paqtrsessberks	Pennsylvania
paqtrsessblair	Pennsylvania
paqtrsessbradfo	Pennsylvania
paqtrsessbucks	Pennsylvania
paqtrsessbutler	Pennsylvania
paqtrsesscambri	Pennsylvania
paqtrsesscamero	Pennsylvania
paqtrsesscarbon	Pennsylvania
paqtrsesscentre	Pennsylvania
paqtrsesscheste	Pennsylvania
paqtrsessclario	Pennsylvania
paqtrsessclearf	Pennsylvania
paqtrsessclinto	Pennsylvania
paqtrsesscolumb	Pennsylvania
paqtrsesscrawfo	Pennsylvania
paqtrsesscumber	Pennsylvania
paqtrsessdauphi	Pennsylvania
paqtrsessdelawa	Pennsylvania
paqtrsesselk	Pennsylvania
paqtrsesserie	Pennsylvania
paqtrsessfayett	Pennsylvania
paqtrsessfrankl	Pennsylvania
paqtrsessfulton	Pennsylvania
paqtrsessgreene	Pennsylvania
paqtrsesshuntin	Pennsylvania
paqtrsessindian	Pennsylvania
paqtrsessjeffer	Pennsylvania
paqtrsessjuniat	Pennsylvania
paqtrsesslackaw	Pennsylvania
paqtrsesslancas	Pennsylvania
paqtrsesslawren	Pennsylvania
paqtrsesslebano	Pennsylvania
paqtrsesslehigh	Pennsylvania
paqtrsessluzern	Pennsylvania
paqtrsesslycomi	Pennsylvania
paqtrsessmckean	Pennsylvania
paqtrsessmercer	Pennsylvania
paqtrsessmiffli	Pennsylvania
paqtrsessmonroe	Pennsylvania
paqtrsessmontgo	Pennsylvania
paqtrsessmontou	Pennsylvania
paqtrsessnortha	Pennsylvania
paqtrsessnorthu	Pennsylvania
paqtrsessperry	Pennsylvania
paqtrsessphilad	Pennsylvania
paqtrsesspike	Pennsylvania
paqtrsesspotter	Pennsylvania
paqtrsessschuyl	Pennsylvania
paqtrsesssnyder	Pennsylvania
paqtrsesssomers	Pennsylvania
paqtrsesssulliv	Pennsylvania
paqtrsesssusque	Pennsylvania
paqtrsesstioga	Pennsylvania
paqtrsessunion	Pennsylvania
paqtrsessvenang	Pennsylvania
paqtrsesswarren	Pennsylvania
paqtrsesswashin	Pennsylvania
paqtrsesswayne	Pennsylvania
paqtrsesswestmo	Pennsylvania
paqtrsesswyomin	Pennsylvania
paqtrsessyork	Pennsylvania
passamactapp	Maine
pasuperct	Pennsylvania
pawb	Pennsylvania
pawd	Pennsylvania
pennctqtrsess	Pennsylvania
pennsylvaniad	Pennsylvania
pequotct	Connecticut
pequotctapp	Connecticut
philactnp	Pennsylvania
philadeptjust	Pennsylvania
philaelecct	Pennsylvania
philamayorct	Pennsylvania
philarec	Pennsylvania
phillipines	Phillipines
placerdistct	California
prapp	Puerto Rico
prb	Puerto Rico
prd	Puerto Rico
privycoun	United States
prsupreme	Puerto Rico
ptab	Washington D.C.
puyallupct	Washington
puyallupctapp	Washington
reglrailreorgct	Washington D.C.
ri	Rhode Island
rib	Rhode Island
rid	Rhode Island
risuperct	Rhode Island
riviceadmct	Rhode Island
sacdistct	California
sacfoxdistct	Oklahoma
sacfoxsupct	Oklahoma
salishctapp	Montana
santacruzdistct	California
sc	South Carolina
scb	South Carolina
scctapp	South Carolina
scctcompl	South Carolina
scd	South Carolina
scotus	Washington D.C.
sd	South Dakota
sdb	South Dakota
sdd	South Dakota
sfdistct	California
shastadistct	California
shoaraphotr	Wyoming
siskiyoudistct	California
slcregrec	Utah
southcarolinaed	South Carolina
southcarolinawd	South Carolina
strmohawkct	New York
supbenbaltcty	Maryland
supctdc	Washington D.C.
superctguam	Guam
superctny	New York
superctsc	South Carolina
superctsdfla	Florida
swinomishappct	Washington
swinomishtr	Washington
tax	Washington D.C.
tecoa	Washington D.C.
tenn	Tennessee
tenncrimapp	Tennessee
tennctapp	Tennessee
tennessed	Tennessee
tennesseeb	Tennessee
tennworkcompapp	Tennessee
tex	Texas
texag	Texas
texapp	Texas
texbizct	Texas
texcommnapp	Texas
texcrimapp	Texas
texd	Texas
texjpml	Texas
texreview	Texas
texrevtrib	Texas
tneb	Tennessee
tned	Tennessee
tnmb	Tennessee
tnmd	Tennessee
tnwb	Tennessee
tnwd	Tennessee
trinitydistct	California
ttab	Washington D.C.
tulalipctapp	Washington
tunicabct	Louisiana
turtlemtnctapp	North Dakota
txeb	Texas
txed	Texas
txnb	Texas
txnd	Texas
txsb	Texas
txsd	Texas
txwb	Texas
txwd	Texas
usafbrdrev	Washington D.C.
usafctmilrev	Washington D.C.
usarmybrdrev	Washington D.C.
usarmymilrev	Washington D.C.
usberlinct	Berlin
uscfc	Washington D.C.
uscgbdrev	Washington D.C.
uscgcoca	Washington D.C.
uscirct	United States
usdistct	United States
usjc	Washington D.C.
usjudconfcomdis	D.C.
uslandoffice	United States
usnbdrev	Washington D.C.
usnmcmilrev	Washington D.C.
usprovctla	Louisiana
ussurveyor	United States
utah	Utah
utahctapp	Utah
utb	Utah
utd	Utah
va	Virginia
vacc	Virginia
vaccaccomack	Virginia
vaccalbemarle	Virginia
vaccalexandria	Virginia
vaccalleghany	Virginia
vaccamelia	Virginia
vaccamherst	Virginia
vaccappomattox	Virginia
vaccarlington	Virginia
vaccaugusta	Virginia
vaccbath	Virginia
vaccbedford	Virginia
vaccbland	Virginia
vaccbotetourt	Virginia
vaccbristol	Virginia
vaccbrunswick	Virginia
vaccbuchanan	Virginia
vaccbuckingham	Virginia
vaccbuenavista	Virginia
vacccampbell	Virginia
vacccaroline	Virginia
vacccarroll	Virginia
vacccharles	Virginia
vacccharlotte	Virginia
vacccharlottesv	Virginia
vaccchesapeake	Virginia
vaccchesterfiel	Virginia
vaccclarke	Virginia
vacccolonialh	Virginia
vacccraig	Virginia
vaccculpeper	Virginia
vacccumberland	Virginia
vaccdanville	Virginia
vaccdickenson	Virginia
vaccdinwiddie	Virginia
vaccessex	Virginia
vaccfairfax	Virginia
vaccfauquier	Virginia
vaccfloyd	Virginia
vaccfluvanna	Virginia
vaccfranklin	Virginia
vaccfrederick	Virginia
vaccfredericksb	Virginia
vaccgiles	Virginia
vaccgloucester	Virginia
vaccgoochland	Virginia
vaccgrayson	Virginia
vaccgreene	Virginia
vaccgreensville	Virginia
vacchalifax	Virginia
vacchampton	Virginia
vacchanover	Virginia
vacchenrico	Virginia
vacchenry	Virginia
vacchighland	Virginia
vacchopewell	Virginia
vaccisle	Virginia
vacckinggeorge	Virginia
vacckingqueen	Virginia
vacckingwilliam	Virginia
vacclancaster	Virginia
vacclee	Virginia
vaccloudoun	Virginia
vacclouisa	Virginia
vacclunenburg	Virginia
vacclynchburg	Virginia
vaccmadison	Virginia
vaccmartinsvill	Virginia
vaccmathews	Virginia
vaccmecklenburg	Virginia
vaccmiddlesex	Virginia
vaccmontgomery	Virginia
vaccnelson	Virginia
vaccnewkent	Virginia
vaccnewportnew	Virginia
vaccnorfolk	Virginia
vaccnorthampton	Virginia
vaccnorthumberl	Virginia
vaccnottoway	Virginia
vaccorange	Virginia
vaccpage	Virginia
vaccpatrick	Virginia
vaccpetersburg	Virginia
vaccpittsylvani	Virginia
vaccportsmouth	Virginia
vaccpowhatan	Virginia
vaccprinceedwa	Virginia
vaccprincegeo	Virginia
vaccprincewill	Virginia
vaccpulaski	Virginia
vaccradford	Virginia
vaccrappahannoc	Virginia
vaccrichcity	Virginia
vaccrichmondcty	Virginia
vaccroanokecity	Virginia
vaccroanokecty	Virginia
vaccrockbridge	Virginia
vaccrockingham	Virginia
vaccrussell	Virginia
vaccsalem	Virginia
vaccscott	Virginia
vaccshenandoah	Virginia
vaccsmyth	Virginia
vaccsouthampton	Virginia
vaccspotsylvani	Virginia
vaccstafford	Virginia
vaccstaunton	Virginia
vaccsuffolk	Virginia
vaccsurry	Virginia
vaccsussex	Virginia
vacctazewell	Virginia
vaccvabeach	Virginia
vaccwarren	Virginia
vaccwashington	Virginia
vaccwaynesboro	Virginia
vaccwestmorelan	Virginia
vaccwilliams	Virginia
vaccwinchester	Virginia
vaccwise	Virginia
vaccwythe	Virginia
vaccyork	Virginia
vachanct	Virginia
vachanctnorf	Virginia
vachanctrich	Virginia
vacorpct	Virginia
vacorpctradford	Virginia
vacorpctsbris	Virginia
vacorpctslynch	Virginia
vacorpctsnorf	Virginia
vacorpctwinche	Virginia
vactapp	Virginia
vad	Virginia
vaeb	Virginia
vaed	Virginia
vagensess	Virginia
vamedmalrevpan	Virginia
vawb	Virginia
vawd	Virginia
vib	Virgin Islands
vid	Virgin Islands
vimunict	Virgin Islands
vipolct	Virgin Islands
virginislands	Virgin Islands
visuper	Virgin Islands
vt	Vermont
vtb	Vermont
vtd	Vermont
vtdistct	Vermont
vtsuperct	Vermont
waeb	Washington
waed	Washington
wash	Washington
washag	Washington
washctapp	Washington
washd	Washington
washsuperct	Washington
wawb	Washington
wawd	Washington
webchippewatr	Minnesota
wieb	Wisconsin
wied	Wisconsin
wis	Wisconsin
wisag	Wisconsin
wisccirct	Wisconsin
wisctapp	Wisconsin
wisd	Wisconsin
wismunict	Wisconsin
wiwb	Wisconsin
wiwd	Wisconsin
wva	West Virginia
wvactapp	West Virginia
wvad	West Virginia
wvctcl	West Virginia
wvnb	West Virginia
wvnd	West Virginia
wvsb	West Virginia
wvsd	West Virginia
wyb	Wyoming
wyd	Wyoming
wyo	Wyoming
yrekadistct	California
yubadistct	California
