"Příjmení fyzické osoby/název právnické osoby/označení nebo název entity ","Jméno fyzické osoby ","Stav zápisu","Poznámka ke stavu zápisu","Datum narození fyzické osoby ","Státní příslušnost fyzické osoby /sídlo právnické osoby ","Datum zápisu či jeho změny","Právní předpis zápisu","Ustanovení předpisu Evropské unie, jehož skutkovou podstatu subjekt jednáním naplnil ","Popis postižitelného jednání ","Uplatňovaná omezující opatření "
"GUNĎAJEV/GUNDYAYEV/ГУНДЯЕВ","Vladimir Michajlovič/Vladimir Mikhailovich/Владимир Михайлович","platný",,20.11.1946,"Ruská federace ",26.04.2023,"Usnesení vlády č. 295 ze dne 26. 4. 2023","čl. 1 odst. 1 písm. a) a čl. 2 odst. 1 písm. a) rozhodnutí Rady 2014/145/SZBP ze dne 17. března 2014 o omezujících opatřeních vzhledem k činnostem narušujícím nebo ohrožujícím územní celistvost, svrchovanost a nezávislost Ukrajiny","Vladimir Michajlovič Gunďajev, známý rovněž jako patriarcha Kirill, zastávající funkci patriarchy moskevského a veškeré Rusi, se dopouští jednání postižitelného podle rozhodnutí Rady 2014/145/SZBP ze dne 17. března 2014 o omezujících opatřeních vzhledem k činnostem narušujícím nebo ohrožujícím územní celistvost, svrchovanost a nezávislost Ukrajiny (dále jen rozhodnutí), a nařízení Rady (EU) č. 269/2014 ze dne 17. března 2014 o omezujících opatřeních vzhledem k činnostem narušujícím nebo ohrožujícím územní celistvost, svrchovanost a nezávislost Ukrajiny (dále jen nařízení). Patriarcha Kirill je dlouholetým spojencem Vladimíra Putina a svým jednáním aktivně podporuje ruskou agresi na Ukrajině. Využívá zejména svého významného postavení představeného pravoslavné církve a prostřednictvím svých kázání a veřejných vystoupení poskytuje pro ruskou agresi náboženské ospravedlnění a vysvětlení. Území Ukrajiny považuje z historického a náboženského hlediska za součást Ruska, proto všechny, kdo bojují proti jednotě Ruska a Ukrajiny, označil za síly zla (kázání ze dne 27. února 2022). Ukrajinci jsou podle jeho názoru pod vlivem zkažené západní morálky. Patriarcha Kirill proto tvrdí, že agrese na Ukrajině je boj metafyzických rozměrů za duchovní očištění Ukrajiny a spásu lidstva (kázání ze dne 6. března 2022). Ruským vojákům patriarcha Kirill naopak opakovaně žehná a podporuje jejich kroky ubezpečením, že se vydali správným směrem (např. kázání ze dne 27. února 2022, 21. června 2022 nebo 25. září 2022). Patriarcha Kirill také vyjádřil naději v pokračující spolupráci mezi ruskou národní gardou a ruskou pravoslavnou církví (kázání ze dne 27. března 2022). Patriarcha Kirill se dlouhodobě těší přízni Vladimíra Putina, kterého označuje za významného obránce křesťanství a jeho zvolení za prezidenta považuje za boží zázrak. Patriarcha Kirill také od Vladimíra Putina obdržel v průběhu posledních let několik ruských státních vyznamenání, např. řád Za zásluhy o vlast I. třídy (2016) nebo Řád sv. Ondřeje za vynikající službu pro stát (2021). Dne 20. listopadu 2022 patriarcha Kirill veřejně prohlásil, že jako patriarcha zastupující celou církev má s prezidentem Putinem jednomyslnost ve velmi důležitých otázkách naší doby. Dále dne 1. února 2023 žehnal Vladimíru Putinovi, který odvážně hájí skutečnou suverenitu země, a všem dalším, kteří dnes hájí nezávislý, svobodný kurz, diktovaný našimi skutečnými duchovními, kulturními a historickými zájmy. Tímto jednáním patriarcha Kirill naplňuje skutkovou podstatu uvedenou v čl. 1 odst. 1 písm. a) a článku 2 odst. 1 písm. a) rozhodnutí.  ","omezující opatření v rozsahu oblastí podle § 4 odst. 2 písm. a) až k) zákona č. 69/2006 Sb., o provádění mezinárodních sankcí, ve znění pozdějších předpisů "
"JEVTUŠENKO/JEVTUŠENKOV/YEVTUSHENKO/EVTUSHENKOV/ЕВТУШЕНКОВ","Vladimír Petrovič/Vladimir Petrovich/Владимир Петрович","zrušen","Zápis byl zrušen ke dni 24. února 2025 v souladu s § 7 odst. 3 písm. a) zákona č. 1/2023 Sb., o omezujících opatřeních proti některým závažným jednáním uplatňovaných v mezinárodních vztazích (sankční zákon), vzhledem k zařazení subjektu na sankční seznam Evropské unie rozhodnutím Rady (SZBP) 2025/388.",25.09.1948,"Ruská federace ",29.06.2023,"Usnesení vlády č. 499 ze dne 28. 6. 2023","čl. 1 odst. 1 písm. a), d) a e) a čl. 2 odst. 1 písm. a), f) a g) rozhodnutí Rady 2014/145/SZBP ze dne 17. března 2014 o omezujících opatřeních vzhledem k činnostem narušujícím nebo ohrožujícím územní celistvost, svrchovanost a nezávislost Ukrajiny","Vladimír Petrovič Jevtušenko se dopouští jednání postižitelného podle rozhodnutí Rady 2014/145/SZBP ze dne 17. března 2014 o omezujících opatřeních vzhledem k činnostem narušujícím nebo ohrožujícím územní celistvost, svrchovanost a nezávislost Ukrajiny (dále jen rozhodnutí), a nařízení Rady (EU) č. 269/2014 ze dne 17. března 2014 o omezujících opatřeních vzhledem k činnostem narušujícím nebo ohrožujícím územní celistvost, svrchovanost a nezávislost Ukrajiny. Vladimír Petrovič Jevtušenko je předním ruským podnikatelem, který má dlouhodobě úzké vztahy s vysokými ruskými představiteli. Potvrzuje to například jeho přítomnost na setkání Vladimíra Putina s ruskými podnikateli dne 24. února 2022, kdy byla zahájena ruská agrese proti Ukrajině. Jako prominentní člen několika obchodních, podnikatelských a průmyslových komor je osobou, která významným způsobem přispívá k fungování strategických hospodářských odvětví, která jsou značnými zdroji příjmů ruské vlády. Firmy dlouhodobě spojené s koncernem JSFC Sistema, který Vladimír Petrovič Jevtušenko založil, a ve kterém má podstatný vlastnický podíl, vyrábějí a dodávají zbraňové systémy pro ozbrojené složky Ruské federace. Vladimír Petrovič Jevtušenko tedy nese odpovědnost za podporu činností a politik narušujících územní celistvost, svrchovanost a nezávislost Ukrajiny. Jako fyzická osoba nese rovněž odpovědnost za poskytování finanční a materiální podpory vládě Ruské federace odpovědné za anexi Krymu a za destabilizaci Ukrajiny a má z vazby na tuto vládu prospěch. Jako přední podnikatel je Vladimír Petrovič Jevtušenko zapojen do hospodářských odvětví, která poskytují značné zdroje příjmů vládě Ruské federace. Tímto jednáním Vladimír Petrovič Jevtušenko naplňuje skutkovou podstatu uvedenou v čl. 1 odst. 1 písm. a), d) a e) a čl. 2 odst. 1 písm. a), f) a g) rozhodnutí.  ","omezující opatření v rozsahu čl. 2 nařízení Rady (EU) č. 269/2014 ze dne 17. března 2014 o omezujících opatřeních vzhledem k činnostem narušujícím nebo ohrožujícím územní celistvost, svrchovanost a nezávislost Ukrajiny a § 8a písm. a) až c) zákona č. 69/2006 Sb., o provádění mezinárodních sankcí, ve znění pozdějších předpisů "
"ZORIKOV/ЗОРИКОВ","Rostislav Andrejevič/Ростислав Андреевич","změněn","V souladu s § 7 odst. 3 písm. a) zákona č. 1/2023 Sb., o omezujících opatřeních proti některým závažným jednáním uplatňovaných v mezinárodních vztazích (sankční zákon), byl zápis pozměněn ke dni 25. 10. 2023 vzhledem k námitkovému řízení zahájeném podle § 9 sankčního zákona. Aktuální znění zápisu je uvedeno v platném zápisu.",07.03.1986,"Ruská federace",16.08.2023,"Usnesení vlády č. 607 ze dne 16. 8. 2023","čl. 1 odst. 1 písm. e) a čl. 2 odst. 1 písm. g) rozhodnutí Rady 2014/145/SZBP ze dne 17. března 2014 o omezujících opatřeních vzhledem k činnostem narušujícím nebo ohrožujícím územní celistvost, svrchovanost a nezávislost Ukrajiny","Rostislav Andrejevič Zorikov se dopouští jednání postižitelného podle rozhodnutí Rady 2014/145/SZBP ze dne 17. března 2014 o omezujících opatřeních vzhledem k činnostem narušujícím nebo ohrožujícím územní celistvost, svrchovanost a nezávislost Ukrajiny (dále jen rozhodnutí), a nařízení Rady (EU) č. 269/2014 ze dne 17. března 2014 o omezujících opatřeních vzhledem k činnostem narušujícím nebo ohrožujícím územní celistvost, svrchovanost a nezávislost Ukrajiny. Jako blízký rodinný příslušník (manžel Obnosovovy dcery O. B. Zorikové) Borise Viktoroviče Obnosova, generálního ředitele státního holdingu KTRV, který vyrábí zbraňové systémy a dodává je ozbrojeným silám Ruské federace, má z vazby na něj osobní prospěch, mj. tím, že získal a užíval řadu nemovitostí a luxusních vozů. Tímto jednáním Rostislav Andrejevič Zorikov naplňuje skutkovou podstatu uvedenou v čl. 1 odst. 1 písm. e) a čl. 2 odst. 1 písm. g) rozhodnutí.","omezující opatření v rozsahu čl. 2 nařízení Rady (EU) č. 269/2014 ze dne 17. března 2014 o omezujících opatřeních vzhledem k činnostem narušujícím nebo ohrožujícím územní celistvost, svrchovanost a nezávislost Ukrajiny a § 8a písm. a) až c) zákona č. 69/2006 Sb., o provádění mezinárodních sankcí, ve znění pozdějších předpisů"
"ZORIKOV/ЗОРИКОВ","Rostislav Andrejevič/Ростислав Андреевич","platný",,07.03.1986,"Ruská federace",25.10.2023,"Usnesení vlády č. 802 ze dne 25. 10. 2023","čl. 1 odst. 1 písm. e) a čl. 2 odst. 1 písm. g) rozhodnutí Rady 2014/145/SZBP ze dne 17. března 2014 o omezujících opatřeních vzhledem k činnostem narušujícím nebo ohrožujícím územní celistvost, svrchovanost a nezávislost Ukrajiny","Rostislav Andrejevič Zorikov se dopouští jednání postižitelného podle rozhodnutí Rady 2014/145/SZBP ze dne 17. března 2014 o omezujících opatřeních vzhledem k činnostem narušujícím nebo ohrožujícím územní celistvost, svrchovanost a nezávislost Ukrajiny (dále jen rozhodnutí) a nařízení Rady (EU) č. 269/2014 ze dne 17. března 2014 o omezujících opatřeních vzhledem k činnostem narušujícím nebo ohrožujícím územní celistvost, svrchovanost a nezávislost Ukrajiny. Jako blízký rodinný příslušník (otec nezletilého Obnosovova vnuka, jehož matkou je Obnosovova dcera O. B. Zoriková, bývalá manželka R. A. Zorikova) Borise Viktoroviče Obnosova, generálního ředitele státního holdingu KTRV, který vyrábí zbraňové systémy a dodává je ozbrojeným silám Ruské federace, má z vazby na něj osobní prospěch, mj. tím, že získal a užíval řadu nemovitostí a luxusních vozů. Na základě rodinných vazeb za trvání manželství s dcerou B. V. Obnosova pojily B. V. Obnosova a R. A. Zorikova také obchodní vazby, ze kterých měl majetkový prospěch trvající dodnes. Tímto jednáním Rostislav Andrejevič Zorikov naplňuje skutkovou podstatu uvedenou v čl. 1 odst. 1 písm. e) a čl. 2 odst. 1 písm. g) rozhodnutí.","omezující opatření v rozsahu čl. 2 nařízení Rady (EU) č. 269/2014 ze dne 17. března 2014 o omezujících opatřeních vzhledem k činnostem narušujícím nebo ohrožujícím územní celistvost, svrchovanost a nezávislost Ukrajiny a § 8a písm. a) až c) zákona č. 69/2006 Sb., o provádění mezinárodních sankcí, ve znění pozdějších předpisů"
"Voice of Europe s.r.o.",,"změněn","V souladu s § 7 odst. 3 písm. a) zákona č. 1/2023 Sb., o omezujících opatřeních proti některým závažným jednáním uplatňovaných v mezinárodních vztazích (sankční zákon) byl zápis pozměněn ke dni 27. května 2024 a ke dni 26. června 2024, vzhledem k zařazení subjektu na sankční seznamy Evropské unie rozhodnutím Rady (SZBP) 2024/1508 a rozhodnutím Rady (SZBP) 2024/1770, a to s ohledem na skutečnost, že původní zápis obsahuje takové omezující opatření, které vůči subjektu není v důsledku jeho zařazení na sankční seznam Evropské unie uplatňováno.",,"Česká republika",27.03.2024,"Usnesení vlády č. 195 ze dne 27. 3. 2024","čl. 2 odst. 1 písm. b) rozhodnutí Rady 2014/145/SZBP ze dne 17. března 2014 o omezujících opatřeních vzhledem k činnostem narušujícím nebo ohrožujícím územní celistvost, svrchovanost a nezávislost Ukrajiny","Voice of Europe s.r.o. se dopouští jednání postižitelného podle rozhodnutí Rady 2014/145/SZBP ze dne 17. března 2014 o omezujících opatřeních vzhledem k činnostem narušujícím nebo ohrožujícím územní celistvost, svrchovanost a nezávislost Ukrajiny, ve znění pozdějších předpisů (dále jen rozhodnutí) a nařízení Rady (EU) č. 269/2014 ze dne 17. března 2014 o omezujících opatřeních vzhledem k činnostem narušujícím nebo ohrožujícím územní celistvost, svrchovanost a nezávislost Ukrajiny, ve znění pozdějších předpisů. Voice of Europe s.r.o. je v ČR registrovanou společností s ručením omezeným, jejíž aktivity jsou skrytě financovány Viktorem Volodymyrovyčem Medvedčukem. Ten instruuje fyzickou osobu Artem Pavlovich Marchevskyi, , který Voice of Europe s.r.o. fakticky řídí. Voice of Europe s.r.o. slouží k vlivovému působení a aktivnímu šíření dezinformací a propagandy zaměřené proti územní celistvosti, nezávislosti, svrchovanosti, stabilitě a bezpečnosti Ukrajiny prostřednictvím obsahu zveřejňovaného na webových stránkách Voice of Europe a na účtech Voice of Europe na sociálních sítích Facebook, X a YouTube, jakož i prostřednictvím pořádání panelových diskusí a dalších akcí, mimo jiné i s mezinárodní účastí. Dezinformační narativy Voice of Europe jsou zejména systematicky zaměřeny na zpochybňování obranyschopnosti Ukrajiny a její podpory ze strany mezinárodních partnerů a na ovlivňování veřejného mínění s cílem snížit podporu Ukrajiny a jejích obyvatel. Voice of Europe zároveň v rámci EU slouží jako platforma k financování spolupráce s novináři a k zajištění skryté finanční podpory vybraných jednotlivců z řad kandidátů ve volbách do Evropského parlamentu, a to za účelem podpory zahraničněpolitických zájmů Ruské federace a politické a propagandistické činnosti zaměřené proti územní celistvosti, nezávislosti, svrchovanosti, stabilitě a bezpečnosti Ukrajiny. Tímto jednáním Voice of Europe s.r.o. naplňuje skutkovou podstatu uvedenou v čl. 2 odst. 1 písm. b) rozhodnutí.","omezující opatření v rozsahu čl. 2 nařízení Rady (EU) č. 269/2014 ze dne 17. března 2014 o omezujících opatřeních vzhledem k činnostem narušujícím nebo ohrožujícím územní celistvost, svrchovanost a nezávislost Ukrajiny a § 6 odst. 2 písm. b) a c) zákona č. 69/2006 Sb., o provádění mezinárodních sankcí, ve znění pozdějších předpisů "
"Voice of Europe s.r.o.",,"platný",,,"Česká republika",27.03.2024,"Usnesení vlády č. 195 ze dne 27. 3. 2024","čl. 2 odst. 1 písm. b) rozhodnutí Rady 2014/145/SZBP ze dne 17. března 2014 o omezujících opatřeních vzhledem k činnostem narušujícím nebo ohrožujícím územní celistvost, svrchovanost a nezávislost Ukrajiny","Voice of Europe s.r.o. se dopouští jednání postižitelného podle rozhodnutí Rady 2014/145/SZBP ze dne 17. března 2014 o omezujících opatřeních vzhledem k činnostem narušujícím nebo ohrožujícím územní celistvost, svrchovanost a nezávislost Ukrajiny, ve znění pozdějších předpisů (dále jen rozhodnutí) a nařízení Rady (EU) č. 269/2014 ze dne 17. března 2014 o omezujících opatřeních vzhledem k činnostem narušujícím nebo ohrožujícím územní celistvost, svrchovanost a nezávislost Ukrajiny, ve znění pozdějších předpisů. Voice of Europe s.r.o. je v ČR registrovanou společností s ručením omezeným, jejíž aktivity jsou skrytě financovány Viktorem Volodymyrovyčem Medvedčukem. Ten instruuje fyzickou osobu Artem Pavlovich Marchevskyi, , který Voice of Europe s.r.o. fakticky řídí. Voice of Europe s.r.o. slouží k vlivovému působení a aktivnímu šíření dezinformací a propagandy zaměřené proti územní celistvosti, nezávislosti, svrchovanosti, stabilitě a bezpečnosti Ukrajiny prostřednictvím obsahu zveřejňovaného na webových stránkách Voice of Europe a na účtech Voice of Europe na sociálních sítích Facebook, X a YouTube, jakož i prostřednictvím pořádání panelových diskusí a dalších akcí, mimo jiné i s mezinárodní účastí. Dezinformační narativy Voice of Europe jsou zejména systematicky zaměřeny na zpochybňování obranyschopnosti Ukrajiny a její podpory ze strany mezinárodních partnerů a na ovlivňování veřejného mínění s cílem snížit podporu Ukrajiny a jejích obyvatel. Voice of Europe zároveň v rámci EU slouží jako platforma k financování spolupráce s novináři a k zajištění skryté finanční podpory vybraných jednotlivců z řad kandidátů ve volbách do Evropského parlamentu, a to za účelem podpory zahraničněpolitických zájmů Ruské federace a politické a propagandistické činnosti zaměřené proti územní celistvosti, nezávislosti, svrchovanosti, stabilitě a bezpečnosti Ukrajiny. Tímto jednáním Voice of Europe s.r.o. naplňuje skutkovou podstatu uvedenou v čl. 2 odst. 1 písm. b) rozhodnutí.","omezující opatření v rozsahu § 6 odst. 2 písm. b) a c) zákona č. 69/2006 Sb., o provádění mezinárodních sankcí, ve znění pozdějších předpisů, v němž jdou tato opatření nad rámec opatření uplatňovaných vůči tomuto subjektu na základě článku 4g rozhodnutí Rady 2014/512/SZBP ze dne 31. července 2014 o omezujících opatřeních vzhledem k činnostem Ruska destabilizujícím situaci na Ukrajině (Úř. věst. L 229 31. 7. 2014, s. 13)"
"KHARAZISHVILI/ ხარაზიშვილი","Zviad/ ზვიად","platný",,20.03.1975,"Gruzie",29.01.2025,"Usnesení vlády č. 77 ze dne 29.1.2025","čl. 1 odst. 1 písm. d) bod iii) a iv) rozhodnutí Rady (SZBP) 2020/1999 ze dne 7. prosince 2020 o omezujících opatřeních proti závažnému porušování a zneužívání lidských práv, ve znění pozdějších předpisů ","Zviad Kharazishvili se dopouští jednání postižitelného podle rozhodnutí Rady (SZBP) 2020/1999 ze dne 7. prosince 2020 o omezujících opatřeních proti závažnému porušování a zneužívání lidských práv, ve znění pozdějších předpisů (dále jen rozhodnutí), a nařízení Rady (EU) č. 2020/1998 ze dne 7. prosince 2020 o omezujících opatřeních proti závažnému porušování a zneužívání lidských práv, ve znění pozdějších předpisů. Zviad Kharazishvili je ředitelem Odboru zvláštních úkolů Ministerstva vnitra Gruzie. Během jarních (březen-květen 2024) a podzimních (listopad-prosinec 2024) protestů v Tbilisi se Zviad Kharazishvili přímo podílel na rozhodovacím procesu v souvislosti s jejich násilným potlačováním, a je tak zodpovědný za systematické, cílené a nepřiměřené použití síly vůči demonstrantům, novinářům, aktivistům a opozičním politikům. Je rovněž zdokumentována osobní účast Zviada Kharazishviliho na řízení brutálních zásahů speciálních sil, při kterých, jak v květnu 2024 sám přiznal, používal speciální seznam osob, které měly být cíleně postiženy. Tyto činy představují závažné porušení lidských práv, konkrétně práva shromažďovacího a práva na svobodný projev. Zviad Kharazishvili tudíž naplňuje skutkovou podstatu zakotvenou v čl. 1 odst. 1 písm. d) bodu iii) a iv) rozhodnutí.","omezující opatření v rozsahu čl. 2 odst. 1 písm. a), čl. 3 odst. 1 písm. a) a čl. 3 odst. 2 rozhodnutí Rady (SZBP) 2020/1999 ze dne 7. prosince 2020 o omezujících opatřeních proti závažnému porušování a zneužívání lidských práv, ve znění pozdějších předpisů, čl. 3 odst. 1 a 2 nařízení Rady (EU) č. 2020/1998 ze dne 7. prosince 2020 o omezujících opatřeních proti závažnému porušování a zneužívání lidských práv, ve znění pozdějších předpisů, a § 8a písm. a) až c) zákona č. 69/2006 Sb., o provádění mezinárodních sankcí, ve znění pozdějších předpisů"
"Al-Qard Al-Hassan Association/AQAH/القرض الحسن",,"změněn","Zápis byl změněn z důvodu potřeby formální úpravy odkazů na ustanovení předpisu Evropské unie, jehož skutkovou podstatu subjekt jednáním naplnil a odkazu na ustanovení o uplatňovaných omezujících opatřeních, včetně relevantní úpravy odkazů na ustanovení v popisu postižitelného jednání.",,"Libanonská republika",02.03.2026,"Usnesení vlády č. 143 ze dne 2. 3. 2026","čl. 2 odst. 3 bod ii) nařízení Rady (ES) č. 2580/2001 ze dne 27. 12. 2021 o zvláštních omezujících opatřeních namířených proti některým osobám a subjektům s cílem bojovat proti terorismu, ve znění pozdějších předpisů, ve spojení s čl. 1 odst. 3 bodem iii) písm. k) společného postoje Rady 2001/931/SZBP ze dne 27. 12. 2001 o použití zvláštních opatření k boji proti terorismu, ve znění pozdějších předpisů","AQAH je nebankovní institucí poskytující finanční služby, působící na základě licence udělené v roce 1987 libanonským ministerstvem vnitra. Navzdory tomu, že se nejedná o banku, provozuje AQAH rozsáhlou neoficiální bankovní síť s více než 30 pobočkami převážně v oblastech obývaných šíitským obyvatelstvem. AQAH je finanční entitou propojenou s organizačními a operačními strukturami vojenského křídla hnutí Hizballáh, jež je zařazeno na seznam teroristických skupin Evropské unie. AQAH mezi roky 2019 a 2026 poskytovala prostřednictvím stínové finanční sítě bankovní služby a materiální zdroje hnutí Hizballáh, čímž mu umožňovala získávat prostředky na zajištění operativního provozu, a účinně tak napomáhala činnosti této teroristické organizace, AQAH ve stejném období zároveň zajišťovala finanční operace pro fundraisingové aktivity určené pro nákup vojenského vybavení pro ozbrojené složky vojenského křídla hnutí Hizballáh, a to prostřednictvím dalších organizací, nadací a jiných zprostředkovatelů na toto hnutí přímo napojených. Z výše uvedených důvodů je již AQAH zařazená na sankčním seznamu teroristických organizací Spojených států amerických. AQAH sehrává významnou roli při obnově vojenských kapacit hnutí Hizballáh, čímž přímo maří probíhající proces odzbrojení vojenského křídla, který libanonská vláda od roku 2025 realizuje. Činnost AQAH tak podkopává snahy Libanonu o uplatnění jeho suverénní kontroly a zároveň i mezinárodní úsilí o stabilizaci Libanonu a širšího regionu, do kterého je Česká republika zapojena. Výše popsaným jednáním se tedy AQAH dopouští postižitelného jednání dle čl. 2 odst. 3 bodu ii) nařízení ve spojení s čl. 1 odst. 3 bodem iii) písm. k) společného postoje.","omezující opatření v rozsahu čl. 2 a čl. 3 společného postoje Rady 2001/931/SZBP ze dne 27. 12. 2001 o použití zvláštních opatření k boji proti terorismu, ve znění pozdějších předpisů, a čl. 2 odst. 1 písm. a) a b) nařízení Rady (ES) č. 2580/2001 ze dne 27. prosince 2001 o zvláštních omezujících opatřeních namířených proti některým osobám a subjektům s cílem bojovat proti terorismu, ve znění pozdějších předpisů"
"Al-Qard Al-Hassan Association/AQAH/القرض الحسن",,"platný",,,"Libanonská republika",30.03.2026,"Usnesení vlády č. 201 ze dne 30. 3. 2026","čl. 2 odst. 3 ve spojení s čl. 1 písm. i) bod iii) písm. k) nařízení Rady (EU) 2026/456 ze dne 26. února 2026, kterým se mění nařízení (ES) č. 2580/2001 o zvláštních omezujících opatřeních namířených proti některým osobám a subjektům s cílem bojovat proti terorismu a zrušuje prováděcí nařízení (EU) 2025/1578 a (EU) 2026/420, a čl. 2 odst. 1 ve spojení s čl. 1 odst. 1 bod iii) písm. k) rozhodnutí Rady (SZBP) 2026/455 ze dne 26. února 2026 o omezujících opatřeních k boji proti terorismu, o zrušení článků 2, 3 a 3a společného postoje 2001/931/SZBP o uplatnění zvláštních opatření k boji proti terorismu a o zrušení rozhodnutí (SZBP) 2025/1577 a (SZBP) 2026/421","AQAH je nebankovní institucí poskytující finanční služby, působící na základě licence udělené v roce 1987 libanonským ministerstvem vnitra. Navzdory tomu, že se nejedná o banku, provozuje AQAH rozsáhlou neoficiální bankovní síť s více než 30 pobočkami převážně v oblastech obývaných šíitským obyvatelstvem. AQAH je finanční entitou propojenou s organizačními a operačními strukturami vojenského křídla hnutí Hizballáh, jež je zařazeno na seznam teroristických skupin Evropské unie. AQAH mezi roky 2019 a 2026 poskytovala prostřednictvím stínové finanční sítě bankovní služby a materiální zdroje hnutí Hizballáh, čímž mu umožňovala získávat prostředky na zajištění operativního provozu, a účinně tak napomáhala činnosti této teroristické organizace, AQAH ve stejném období zároveň zajišťovala finanční operace pro fundraisingové aktivity určené pro nákup vojenského vybavení pro ozbrojené složky vojenského křídla hnutí Hizballáh, a to prostřednictvím dalších organizací, nadací a jiných zprostředkovatelů na toto hnutí přímo napojených. Z výše uvedených důvodů je již AQAH zařazená na sankčním seznamu teroristických organizací Spojených států amerických. AQAH sehrává významnou roli při obnově vojenských kapacit hnutí Hizballáh, čímž přímo maří probíhající proces odzbrojení vojenského křídla, který libanonská vláda od roku 2025 realizuje. Činnost AQAH tak podkopává snahy Libanonu o uplatnění jeho suverénní kontroly a zároveň i mezinárodní úsilí o stabilizaci Libanonu a širšího regionu, do kterého je Česká republika zapojena. Výše popsaným jednáním se tedy AQAH dopouští postižitelného jednání dle čl. 2 odst. 3 ve spojení s čl. 1 písm. i), bod iii) písm. k) nařízení a čl. 2 odst. 1 ve spojení s čl. 1 odst. 1 bod iii) písm. k) rozhodnutí. ","omezující opatření v rozsahu čl. 2 odst. 1 a 5 rozhodnutí Rady (SZBP) 2026/455 ze dne 26. února 2026 o omezujících opatřeních k boji proti terorismu, o zrušení článků 2, 3 a 3a společného postoje 2001/931/SZBP o uplatnění zvláštních opatření k boji proti terorismu a o zrušení rozhodnutí (SZBP) 2025/1577 a (SZBP) 2026/421, a čl. 2 odst. 1 a 2 nařízení Rady (EU) 2026/456 ze dne 26. února 2026, kterým se mění nařízení (ES) č. 2580/2001 o zvláštních omezujících opatřeních namířených proti některým osobám a subjektům s cílem bojovat proti terorismu a zrušuje prováděcí nařízení (EU) 2025/1578 a (EU) 2026/420"
